Title,Description
Χριστουγεννιάτικα κάλαντα στο ΠΑΣΟΚ από τον χορευτικό όμιλο Αορείτες,"Χρόνια Πολλά, Καλά Χριστούγεννα, υγεία και ευημερία σε όλες τις Ελληνίδες και όλους τους Έλληνες απανταχού της γης. 

Με χαρά υποδέχτηκα στα γραφεία του ΠΑΣΟΚ τον χορευτικό όμιλο Αορείτες, που έχουν κάνει πράξη τη συμπερίληψη ενώνοντας τις δεξιότητες στον χορό παιδιών και με αναπτυξιακές διαταραχές ή κινητικά προβλήματα.

Ευχαριστώ πολύ και την παναρκαδική ομοσπονδία Ελλάδας, που διατηρούν τις παραδόσεις του τόπου τους."
Ζωντανά στον ΣΚΑΪ και στους Αταίριαστους με τον Χρήστο Κούτρα και τον Γιάννη Ντσούνο,#live
Τι φοβάται ο κ. Μητσοτάκης;,
Ζωντανά από τη Βουλή των Ελλήνων,#live
Ζωντανά από τη Βουλή των Ελλήνων,#live
Ζωντανά από τη Βουλή των Ελλήνων,#live
Ομιλία στη Βουλή για τον προϋπολογισμό,#live
Ο πληθωρισμός και η ακρίβεια έχουν γίνει εργαλείο άσκησης πολιτικής για τη Νέα Δημοκρατία.,
Ζωντανά στο OT FORUM «Ελληνική Επιχειρηματικότητα 2.0+,#live
Καθαρές λύσεις για την αντιμετώπιση της οπαδικής βίας,
Ζωντανά στο Κεντρικό Δελτίο Ειδήσεων του Alpha με τον Αντώνη Σρόιτερ,#live
Ζωντανά: Ημερίδα του ΠΑΣΟΚ - Κινήματος Αλλαγής & του InSocial για την Αυτοδιοίκηση,#live
Ομιλία για το φορολογικό νομοσχέδιο στη Βουλή των Ελλήνων,#live
"Πρόληψη, διαχείριση και αντιμετώπιση καταστροφών στο φυσικό περιβάλλον.",Θεματική εκδήλωση στην Αλεξανδρούπολη #live
Ζωντανά στην Ολομέλεια της Βουλής,#live
Ζωντανά στο Mega και στην εκπομπή Live news με τον Νίκο Ευαγγελάτο,#live
Μαζί για το νέο Ε.Σ.Υ.,Ζωντανά από το Ηράκλειο Κρήτης #live
Ιδιωτικό χρέος & κόκκινα δάνεια: Διέξοδος με λύση ή συνέχεια στο αδιέξοδο;,Ειδική συνεδρίαση της Κοινοβουλευτικής Ομάδας του ΠΑΣΟΚ - Κινήματος Αλλαγης παρουσία φορέων με θέμα το προγραμματικό σχέδιο για το ιδιωτικό χρέος και τα κόκκινα δάνεια #live
Ζωντανά από τη Βουλή των Ελλήνων,#live
Ζωντανά από τη Βουλή των Ελλήνων,#live
Ζωντανά από τη Βουλή των Ελλήνων,#live
Ζωντανά από τη Βουλή των Ελλήνων,#live
Ζωντανά από το Thessaloniki Summit 2023,#live
Ομιλία στη Συνεδρίαση της Κεντρικής Πολιτικής Επιτροπής,
Συνέντευξη στον Ant1 και στην εκπομπή Καλημέρα Ελλάδα,#live
Ζωντανά από τη Βουλή των Ελλήνων,#live
Ζωντανά από τη Βουλή των Ελλήνων,#live
Δήλωση στο Συνέδριο του Ευρωπαϊκού Σοσιαλιστικού Κόμματος,"Θα επαναφέρω στο συνέδριό μας την πρόταση μου για ένα Ταμείο Οικονομικής Ευρωπαϊκής Κυριαρχίας. Το ταμείο αυτό θα μπορεί να στηρίξει τις αδύναμες οικονομίες ώστε να δημιουργήσουν ανταγωνιστική και εξωστρεφή παραγωγική βάση με πολλές καλές θέσεις εργασίας.
Αυτές είναι οι πολιτικές, που δυναμώνουν την Ένωση.

Αυτές είναι οι πολιτικές, που δημιουργούν ένα καλύτερο μέλλον για όλους τους λαούς της Ευρώπης και αυτές έχουμε χρέος να ακολουθήσουμε.

📌 Συνέδριο του Ευρωπαϊκού Σοσιαλιστικού Κόμματος"
"Νίκος Ανδρουλάκης: Θα κάνω ό,τι περνά από το χέρι μου για την αποκάλυψη της αλήθειας",
Ζωντανά από τη Βουλή των Ελλήνων,#live
Ζωντανά από τη Βουλή των Ελλήνων,#live
"Είμαστε εδώ για να κάνουμε ό,τι περνά απ' το χέρι μας, για να μην συγκαλυφθεί το έγκλημα στα Τέμπη",
Ζούμε τη σταθερή παρακμή του κράτους δικαίου στον βωμό της συγκάλυψης,"ΔΗΛΩΣΗ ΝΙΚΟΥ ΑΝΔΡΟΥΛΑΚΗ, ΠΡΟΕΔΡΟΥ ΠΑΣΟΚ- ΚΙΝΗΜΑΤΟΣ ΑΛΛΑΓΗΣ ΜΕΤΑ ΤΗ ΣΥΝΑΝΤΗΣΗ ΤΟΥ ΜΕ ΤΟΝ ΠΡΟΕΔΡΟ ΤΗΣ ΑΔΑΕ


Νίκος Ανδρουλάκης: «Ζούμε τη σταθερή παρακμή του κράτους δικαίου στον βωμό της συγκάλυψης»

Κατέθεσα σήμερα στον Άρειο Πάγο υπόμνημα για να υπάρξει αντιπαραβολή των στόχων του Predator από τη λίστα του κ. Μενουδάκου με τις επισυνδέσεις της ΕΥΠ. Για να υπάρξει επιτέλους αποκάλυψη του ενιαίου κέντρου των παρακολουθήσεων.
Εάν υπάρχει  πραγματικό ενδιαφέρον για την επιτάχυνση της διαδικασίας να πέσει φως σε αυτήν τη νοσηρή υπόθεση, τότε πρέπει άμεσα να γίνει αυτή η αντιπαραβολή και να ενημερωθεί το ελληνικό Κοινοβούλιο και ο ελληνικός λαός.
Επίσης, μίλησα με τον Πρόεδρο της ΑΔΑΕ, κ. Ράμμο, για τις σοκαριστικές καταγγελίες, που έκανε στην αρμόδια επιτροπή του Ευρωπαϊκού Κοινοβουλίου.

 Είναι αδιανόητο σε μια ευρωπαϊκή χώρα να υπάρχει ένα σκοτεινό παρασκήνιο με απειλές σε πρόσωπα, που εκπροσωπούν τις ανεξάρτητες αρχές.

Εδώ και ενάμιση χρόνο στην Ελλάδα, ζούμε τη σταθερή παρακμή του κράτους δικαίου στον βωμό της συγκάλυψης. 

Ο κ. Μητσοτάκης και η κυβέρνησή του, με όλες αυτές τις πρακτικές, οδηγούν τη χώρα μακριά από το ευρωπαϊκό πρότυπο λειτουργίας των θεσμών. 
Η παράταξή μας θα σταθεί εμπόδιο με όλες της τις δυνάμεις απέναντι σε αυτό το φαινόμενο, το οποίο δεν αξίζει στον ελληνικό λαό. Έναν λαό που αγωνίστηκε για να έχουμε  κράτος δικαίου, σεβασμό των ανθρωπίνων δικαιωμάτων και  ποιοτική δημοκρατία.


Απαντώντας σε ερώτηση δημοσιογράφου, ο κ. Ανδρουλάκης υπογράμμισε:
«Το κράτος δικαίου δεν είναι  πολυτέλεια, όπως θέλουν κάποιοι να το εμφανίσουν στη χώρα, αλλά είναι η προϋπόθεση για την ευημερία και την ανάπτυξη της κοινωνίας μας»."
Το έπος του ’40 γεμίζει υπερηφάνεια κάθε Ελληνίδα και κάθε Έλληνα.,"• Δήλωση μετά το τέλος της παρέλασης στη Θεσσαλονίκη.

Το έπος του ’40 γεμίζει υπερηφάνεια κάθε Ελληνίδα και κάθε Έλληνα.

Τιμούμε τους προγόνους μας, τους ήρωές μας που έγραψαν με το αίμα τους μια από τις ενδοξότερες σελίδες στην ιστορία του ελληνικού λαού απέναντι στον Ιταλό κατακτητή. 

Δεν θα τους ξεχάσουμε ποτέ. 

Όπως δεν πρέπει να ξεχάσουμε, τι μπορεί να πετύχει ο ελληνικός λαός με ενότητα, με πίστη. 

Τι μπορεί να πετύχει ο ελληνικός λαός όταν αγωνίζεται για υψηλά ιδανικά και για την πατρίδα. 

Δεν μπορώ, όμως, σήμερα να μην αναφερθώ και σε κάτι που θεωρώ αδιανόητο. Η Ελλάδα είναι μια χώρα, που στέκεται πάντα στη σωστή πλευρά της ιστορίας, του σεβασμού του διεθνούς δικαίου, της ανθρωπιάς. 

Θεωρώ αδιανόητο το ότι χθες η κυβέρνησή μας δεν στήριξε το ψήφισμα του Οργανισμού Ηνωμένων Εθνών για ανθρωπιστική εκεχειρία στη Μέση Ανατολή. 

Δεν πρέπει η ανθρωπιά να μπαίνει σε κανένα γεωπολιτικό ζύγι.

Αυτή ήταν η στάση του ελληνικού λαού. Αυτή πρέπει να είναι και η στάση της κυβέρνησης και της χώρας μας σε τέτοια κορυφαία ζητήματα, που αφορούν τη σταθερότητα και την ευημερία των λαών της ευρύτερης περιοχής."
Ομιλία στη Νάξο,"Ομιλία στη θεματική εκδήλωση του ΠΑΣΟΚ-Κινήματος Αλλαγής, «Εθνικό Σύστημα Υγείας – Προτεραιότητα για τα νησιά μας», που διοργανώθηκε στη Νάξο."
Εθνικό Σύστημα Υγείας: Προτεραιότητα για τα νησιά μας,
Θεματική εκδήλωση: Παιδεία & Ανισότητες | Ζωντανά από τα Γιάννενα,
Συνέντευξη στο OPEN,#live
Σήμερα πετύχαμε μια καθαρή νίκη του ΠΑΣΟΚ και της Δημοκρατικής Παράταξης.,"Σήμερα πετύχαμε μια καθαρή νίκη του ΠΑΣΟΚ και της Δημοκρατικής Παράταξης.
 
Νίκη της αυτοδιοίκησης που υπηρετεί τον πολίτη. 
Νίκη της ανανέωσης.  
Νίκη του προοδευτικού λόγου που αγκαλιάζει τις πραγματικές αγωνίες του ελληνικού λαού.

Είναι όμως και η πρώτη μεγάλη ήττα του κ. Μητσοτάκη. 
Της αλαζονείας, της αμετροέπειας και των πελατειακών πρακτικών."
"Για να πάψει η Αθήνα να έχει Δήμαρχο πρίγκιπα, πρέπει να ψηφίσουμε έναν Δούκα, τον Χάρη Δούκα.","Ως κάτοικος Αθηνών θέλω έναν Δήμαρχο κοντά μας, δίπλα μας καθημερινά. Δεν θέλουμε έναν Δήμαρχο απόμακρο, έναν Δήμαρχο πρίγκιπα. Δείτε, λοιπόν, πως τα έφερε η ζωή. Για να πάψει η Αθήνα να έχει Δήμαρχο πρίγκιπα, πρέπει να ψηφίσουμε έναν Δούκα, τον Χάρη Δούκα."
Ζωντανά στο Kontra Channel,#live
13 χρόνια διαύγεια,
Παρέμβαση στη Βουλή των Ελλήνων,#live
Ομιλία στη Βουλή των Ελλήνων επί του Νομοσχεδίου του Υπουργείου Εργασίας,#live
Συνέντευξη Τύπου στο Ζάππειο,#live
Ομιλία στην 87η ΔΕΘ,
Η κυβέρνηση Μητσοτάκη έχει προτεραιότητα τη διαχείριση του πολιτικού κόστους,
Στις πλειγήσες κτηνοτροφικές μονάδες του Πλατύκαμπου Λάρισας,
Η Κυβέρνηση έχει αποτύχει να προσαρμόσει το κράτος στις νέες συνθήκες της κλιματικής αλλαγής,
Ζωντανά από το Ζάππειο #49xroniapasok,#live
Ζωντανά από το Ζάππειο #49xroniapasok,#live
Ζωντανά από τη Βουλή των Ελλήνων,#live
Ζωντανά από τη Βουλή των Ελλήνων,#live
Έχω μάθει να δίνω μάχες στο προσκήνιο και στο φως.,"Έχω μάθει να δίνω μάχες στο προσκήνιο και στο φως. Φιλελευθερισμός και ανοχή σε παρακρατικές πρακτικές δεν πάνε μαζί, κ. Χατζηδάκη. Γι’ αυτό, μαθήματα όχι στο ΠΑΣΟΚ!"
Ζωντανά από τη Βουλή των Ελλήνων,#live
Ζωντανά από τη Βουλή των Ελλήνων,#live
Ζωντανά από τη Βουλή των Ελλήνων,#live
Ζωντανά από τη Βουλή των Ελλήνων,#live
Ζωντανά από τη Βουλή των Ελλήνων,#live
Συνάντηση με το Σύλλογο πληγέντων δυστυχήματος των Τεμπών,"Συναντήθηκα σήμερα με τον σύλλογο πληγέντων δυστυχήματος Τεμπών. Μου παρέδωσαν το υπόμνημα με το οποίο ζητούν τη στήριξη αλλά και την αξιοποίηση των κοινοβουλευτικών μέσων ελέγχου εκ μέρους των πολιτικών κομμάτων, προκειμένου να αποκαλυφθεί η αλήθεια και να τιμωρηθούν οι ένοχοι καθώς και αντίγραφο της μήνυσης, που κατέθεσαν πριν από δύο μήνες. 
Έχουμε χρέος να μην ξεχάσουμε αυτό που συνέβη και να πληρώσουν οι υπεύθυνοι για τις εγκληματικές τους ευθύνες. Έχουμε εξαρχής επισημάνει το τεράστιο ζήτημα καθυστέρησης της παράδοσης του έργου της τηλεδιοίκησης. Γνωρίζουμε, μάλιστα, ότι από τον Οκτώβριο του 2021 η Ανεξάρτητη Αρχή Διαφάνειας είχε παραδώσει πόρισμα στο αρμόδιο Υπουργείο, το οποίο εντόπιζε τις ευθύνες γιατί δεν προχωρούσε το συγκεκριμένο έργο. Πρέπει να επισημάνουμε ότι είχαν δοθεί 54 εκατομμύρια ευρώ από ευρωπαϊκούς πόρους για το έργο της τηλεδιοίκησης, ωστόσο πήρε πάρα πολλές παρατάσεις. Αν ήταν σε λειτουργία, σήμερα, οι 57 συνάνθρωποί μας θα ζούσαν. 
Πρέπει και μέσω του πορίσματος και της διερεύνησης από τη Δικαιοσύνη να οδηγηθούμε σε αποτελέσματα, ενώ το κράτος οφείλει να περιφρουρεί τα δικαιώματα του ελληνικού λαού. Θα είμαστε στο πλευρό τους σε αυτόν τον αγώνα για να μάθουμε πραγματικά την αλήθεια για το τι έχει συμβεί στα Τέμπη."
Δήλωση από τη Σαρωνίδα,"Στις πληγείσες από την πυρκαγιά περιοχές του Δήμου Σαρωνικού βρέθηκε νωρίτερα το πρωί ο Πρόεδρος του ΠΑΣΟΚ-Κινήματος Αλλαγής, Νίκος Ανδρουλάκης.
Ο Δήμαρχος Σαρωνικού Χρήστος Γκίνης και μέλη της Πολιτικής Προστασίας του Δήμου ενημέρωσαν τον κ. Ανδρουλάκη για τις καταστροφές σε σπίτια και τις εκτεταμένες καμένες δασικές εκτάσεις.


Ο κ. Ανδρουλάκης σε δηλώσεις του μεταξύ άλλων σημείωσε:


«Με οδυνηρό τρόπο διαπιστώνουμε ότι για μια ακόμη χρονιά είμαστε στο ίδιο έργο θεατές. Στρέμματα δασών, περιουσίες, σπίτια καίγονται σε όλη την Ελλάδα, αλλά ακόμη και μερικά χιλιόμετρα από το κέντρο των Αθηνών.
Αντί, λοιπόν, η κυβέρνηση να χύνει κροκοδείλια δάκρυα μπροστά στις συνέπειες της κλιματικής αλλαγής, έχει χρέος να πάρει συγκεκριμένες πολιτικές πρωτοβουλίες με ενίσχυση των μηχανισμών πρόληψης -και ιδιαίτερα τον καθαρισμό των δασών-, με οργανογράμματα τα οποία ξεκαθαρίζουν τις αρμοδιότητες μεταξύ τοπικής αυτοδιοίκησης και κεντρικού κράτους και, βέβαια, σχέδια πολιτικής προστασίας βάσει βέλτιστων ευρωπαϊκών πρακτικών. 
Έχουμε χρέος να προστατεύσουμε την ποιότητα ζωής του ελληνικού λαού. 
Θέλω, από την πλευρά μου, να ευχαριστήσω τους πυροσβέστες και τους εθελοντές για τον αγώνα που δίνουν τις τελευταίες ώρες σε όλη την Ελλάδα. Αλλά και τους συναδέλφους τους πυροσβέστες από ευρωπαϊκά κράτη, που μέσω του μηχανισμού ευρωπαϊκής προστασίας, ήρθαν να συνδράμουν»."
Δήλωση για την Τουρκία,"Η ύπαρξη ανοικτών διαύλων επικοινωνίας με τη γειτονική χώρα είναι απαραίτητη για την οικοδόμηση σχέσεων καλής γειτονίας. 

Όμως πρέπει να βασίζονται στον σεβασμό του διεθνούς δικαίου και την αποφυγή προκλήσεων εκ μέρους της Τουρκίας. 

Απαιτείται συνέπεια λόγων και πράξεων ώστε η «συγκρατημένη νέα αρχή στις ελληνοτουρκικές σχέσεις» για την οποία έκανε λόγο ο Πρωθυπουργός, να μην ξαναδιαψευστεί. 

Η απόφαση των ΗΠΑ για εκσυγχρονισμό των 80 τουρκικών μαχητικών F-16 και πώληση 40 νέων αεροσκαφών, δεν είναι μία θετική εξέλιξη.

Οι σχέσεις Ευρωπαϊκής Ένωσης - Τουρκίας δεν μπορούν να καθορίζονται από το ΝΑΤΟ, αλλά μόνο από τα ευρωπαϊκά όργανα.

Η ενταξιακή προοπτική της Τουρκίας είναι μία χίμαιρα. 

Δεν μπορούμε να μιλάμε για τη συνέχιση ενταξιακών διαπραγματεύσεων, που έχουν ήδη παγώσει λόγω των παραβιάσεων των ανθρωπίνων δικαιωμάτων στο εσωτερικό της χώρας. 

Μόνη λύση μία ειδική σχέση ΕΕ-Τουρκίας, που θα βασίζεται στην αναβάθμιση της τελωνειακής ένωσης και θα διασφαλίζει τον σεβασμό στα κυριαρχικά μας δικαιώματα με ένα αυτοματοποιημένο πλαίσιο κυρώσεων."
Δευτερολογία στη συζήτηση επί των προγραμματικών δηλώσεων της κυβέρνησης,#live
Ζωντανά από τη Βουλή των Ελλήνων,#live
Προσύνοδος του Ευρωπαϊκού Σοσιαλιστικού Κόμματος στις Βρυξέλλες,"Το τραγικό ναυάγιο στα ανοιχτά της Πύλου επανέφερε το ζήτημα του προσφυγικού – μεταναστευτικού. 
Όμως, οι προτάσεις του Ευρωπαϊκού Συμβουλίου δείχνουν να περιφρονούν το μέγεθος του ζητήματος. 
Δεν μπορεί να προτείνεις 30.000 μετεγκαταστάσεις, όταν πέρυσι είχαμε 960.000 αιτήσεις ασύλου στο σύνολο της Ευρωπαϊκής Ένωσης. 
Από την πλευρά μας, ως χώρα, δεν μπορούμε να υιοθετήσουμε αυτή την πρόταση. 
Πρέπει να έχουμε μια δική μας πρόταση. Μια πρόταση που σφυρηλατεί την αλληλεγγύη μεταξύ των ευρωπαϊκών κρατών, σέβεται τα ανθρώπινα δικαιώματα, και μπορεί να αντιμετωπίσει τα πραγματικά αίτια, που κλιμακώνουν την ανθρώπινη κινητικότητα από τρίτες χώρες προς την Ευρωπαϊκή Ένωση."
Δήλωση για το αποτέλεσμα των Εθνικών Εκλογών,"Ευχαριστώ τους πολίτες, που με την ψήφο τους στήριξαν το ΠΑΣΟΚ. 
Απόψε όλοι μαζί κάναμε ένα ακόμη βήμα στην ανοδική πορεία, 
που σταθερά διαγράφει το Κίνημα μας. 

Το ΠΑΣΟΚ δυναμώνει, ανανεώνεται και προχωρά.

Στη διπλή εκλογική αναμέτρηση αυξήσαμε την εκλογική και κοινοβουλευτική μας δύναμη κατά 50%. Σε πολλούς νομούς το ΠΑΣΟΚ αναδείχθηκε δεύτερη δύναμη.

Ξαναπιάσαμε το νήμα της Ιστορίας και ενώνουμε τις αγωνίες, τα όνειρα και τις ελπίδες μας με τους προοδευτικούς, δημοκράτες πολίτες.

Δεσμεύομαι προς κάθε Ελληνίδα και κάθε Έλληνα ότι το ΠΑΣΟΚ ως ισχυρή, προοδευτική δύναμη, θα ασκήσει στιβαρή και αξιόπιστη  αντιπολίτευση με αρχές και αξίες.

Θα είμαστε δίπλα σας σε όλες τις μάχες, που έχουμε μπροστά μας, για την ενίσχυση του κοινωνικού κράτους, τον σεβασμό των θεσμών και των ανθρωπίνων δικαιωμάτων, την ανάδειξη ενός νέου , βιώσιμου και ανθεκτικού μοντέλου παραγωγής, που θα δώσει προοπτική στη νέα γενιά.

Το ΠΑΣΟΚ, η πατριωτική και σύγχρονη κεντροαριστερά, θα είναι η εγγύηση για όλα αυτά.

Θα πρέπει, όμως, να μας προβληματίσει ιδιαίτερα η άνοδος της ακροδεξιάς και των νεοναζιστικών μορφωμάτων.

Διαχρονικά η παράταξη μας ήταν δημοκρατικό ανάχωμα απέναντι σε όλα αυτά τα φαινόμενα. 

Το αποψινό αποτέλεσμα υπογραμμίζει το χρέος μας να οικοδομήσουμε τη σύγχρονη κεντροαριστερά  για να αποκτήσει η χώρα μια ισχυρή, προοδευτική πρόταση διακυβέρνησης απέναντι στη Νέα Δημοκρατία.

Από αύριο το πρωί, ξεκινά ένα νέο ταξίδι για τη δημιουργία ενός ρεύματος κοινωνικής και πολιτικής πλειοψηφίας, για μια ισχυρή Ελλάδα. Την Ελλάδα της εθνικής αξιοπρέπειας και της κοινωνικής δικαιοσύνης. Πρωταγωνιστή στις ευρωπαϊκές εξελίξεις.

Σε αυτή την πορεία θα είμαστε όλοι μαζί."
Ψήφος στο Αρκαλοχώρι Ηρακλείου,"Καλώ κάθε Ελληνίδα και κάθε Έλληνα, κάθε δημοκράτη, προοδευτικό πολίτη, ό,τι και αν επέλεξε στις 21 Μαΐου, να στηρίξει το ΠΑΣΟΚ, τη Δημοκρατική Παράταξη, σε αυτήν τη νέα της πορεία.

Είναι ο μόνος τρόπος για να μην έχουμε άλλα τέσσερα χαμένα χρόνια στο πολιτικό μας σύστημα με μια αναποτελεσματική αντιπολίτευση και μια αλαζονική, πελατειακή κυβέρνηση, που οι επιλογές της καθημερινά αποδομούν το κοινωνικό κράτος.

Από τη δική μας πλευρά, δεσμεύομαι ότι θα είμαστε η δύναμή τους. Μέσα και έξω από το ελληνικό κοινοβούλιο, με αγώνες. 
Αγκαλιάζοντας τις αγωνίες τους, τις ελπίδες τους, τις ανάγκες τους.

Ισχυρή Δημοκρατική Παράταξη απόψε, σημαίνει ότι θα υπάρχει ισχυρή, αξιόπιστη, προοδευτική δύναμη απέναντι στη συντήρηση, την αναξιοκρατία και την αδιαφάνεια."
Απόψε συναντήθηκε η ιστορική μνήμη με την ελπίδα για καλύτερες μέρες,
Live | Κεντρική Ομιλία του Νίκου Ανδρουλάκη στo Ηράκλειο,#live
27 χρόνια χωρίς τον Ανδρεα Παπανδρέου,
Live | Συνέντευξη στο κεντρικό δελτίο ειδήσεων του Mega με τη Ράνια Τζίμα,#live
Όλοι μαζί για τη μεγάλη νίκη. Για την αναγέννηση της Δημοκρατικής Παράταξης.,"Σας ευχαριστώ για τη συγκλονιστική σας παρουσία και δεσμεύομαι ότι θα αγωνιστώ καθημερινά για να μην απογοητεύσω κανέναν σε αυτήν τη νέα σχέση εμπιστοσύνης, που οικοδομήσαμε. Όλοι μαζί για τη μεγάλη νίκη. Για την αναγέννηση της Δημοκρατικής Παράταξης."
Live | Κεντρική Ομιλία του Νίκου Ανδρουλάκη στην ΑΘήνα,#live
"Live | Συνέντευξη στην εκπομπή ""Καλημέρα Ελλάδα"" με τον Γιώργο Παπαδάκη και την Μαρία Αναστασοπούλου",#live
Η Πάτρα έστειλε ισχυρό μήνυμα Αλλαγής!,
Ομιλία στην Πάτρα,#live
Live | Συνέντευξη στο Κεντρικό Δελτίο Ειδήσεων του Alpha με τον Αντώνη Σρόιτερ,#live
Ομιλία στη Θεσσαλονίκη,
Live | Ομιλία στη Θεσσαλονίκη,#live
Περιοδεία στο Ηράκλειο Κρήτης,"Ισχυρό ΠΑΣΟΚ στις 25 Ιουνίου, σημαίνει ισχυρή, αξιόπιστη, προοδευτική δύναμη για να αντιμετωπίσει την αλαζονεία και την αναξιοπιστία της κυβέρνησης του κ. Μητσοτάκη."
"Συνέντευξη στον Alpha και στην εκπομπή ""Καλύτερα δεν γίνεται"" με τη Ναταλία Γερμανού",#live
"Συνέντευξη στο STAR Κεντρικής Ελλάδας, με τον Γιώργο Σιμόπουλο",#live
Το ΠΑΣΟΚ μπορεί να αναγεννήσει το Εθνικό Σύστημα Υγείας,
Το ΠΑΣΟΚ μπορεί να στηρίξει την οικογένεια,
Το ΠΑΣΟΚ μπορεί να προσφέρει δεύτερη ευκαιρία στους αδύναμους δανειολήπτες,
Το ΠΑΣΟΚ μπορεί να διασφαλίσει αξιοπρεπείς συντάξεις,
Το ΠΑΣΟΚ μπορεί να ενισχύσει την Δημόσια Παιδεία,
"Στις 25 Ιουνίου, μαζί κάνουμε την αλλαγή δυνατή","To ΠΑΣΟΚ με τη δική σας στήριξη, μπήκε σε μια νέα πορεία. Θα είμαστε δίπλα σε όλους εσάς που μας εμπιστευτήκατε, μα και δίπλα σε κάθε Έλληνα και Ελληνίδα. Θα είμαστε η σοβαρότητα, η ευθύνη, η ειλικρίνεια που χρειάζεται η χώρα και θα αγωνιστούμε για όλα εκείνα που έχει ανάγκη η κοινωνία.

Στις 25 Ιουνίου, μαζί κάνουμε την αλλαγή δυνατή."
Συνέντευξη στο Action 24 με τον Γιώργο Πιέρρο & τον Βασίλη Τσεκούρα,#live
Live | Ομιλία στο Ρέθυμνο,#live
Live | Συνέντευξη στο Mega,#live
Δίστομο | Έχουμε χρέος να διεκδικήσουμε τις γερμανικές επανορθώσεις,"Τιμούμε τη μνήμη των Διστομιτών, που σφαγιάστηκαν από τα ναζιστικά γερμανικά στρατεύματα κατοχής.

Είμαστε εδώ, γιατί έχουμε χρέος να διατηρήσουμε ζωντανή την ιστορική μνήμη, που είναι φρουρός για να μην επαναληφθούν τέτοιες τραγωδίες, τέτοια αποτρόπαια εγκλήματα εις βάρος της ανθρωπότητας.

Έχουμε χρέος επίσης να διεκδικήσουμε τις γερμανικές επανορθώσεις. Για εμάς είναι ένα εθνικό ζήτημα και θα αγωνιστούμε με κάθε πολιτικό και νομικό μέσο.

Άλλωστε, στελέχη του ΠΑΣΟΚ κι εδώ από τη Βοιωτία, -με τον Γιάννη Σταμούλη-, ξεκίνησαν αυτόν τον αγώνα και θα τον ολοκληρώσουμε με κάθε πολιτικό και νομικό μέσο."
Live | Ομιλία στην Τρίπολη,#live
Live | Ομιλία στον Βόλο,#live
Περιοδεία στην Κατερίνη,"Είμαστε ο χώρος που αγωνίζεται για τις ιδέες της κοινωνικής δικαιοσύνης, της εθνικής αξιοπρέπειας και εγγυόμαστε ότι θα αναγεννήσουμε το Εθνικό Σύστημα Υγείας και θα οικοδομήσουμε μια δημόσια παιδεία που θα δίνει ευκαιρίες σε όλα τα ελληνόπουλα.
Αυτές είναι οι πραγματικές αγωνίες του λαού, που αγκαλιάζουμε και στις 25 Ιουνίου προχωράμε μαζί σε μια νέα εποχή."
"Live | Συνέντευξη στον ΣΚΑΪ 100,3 [B' Μέρος]",#live
"Live | Συνέντευξη στον ΣΚΑΪ 100,3",#live
Live | Συνέντευξη στο Kontra με την Αναστασία Γιάμαλη,
Περιοδεία στην Καλλιθέα,
Επίσκεψη στην Καλλιθέα,"Οι ελλείψεις προσωπικού στο ΕΚΑΒ, στα πρωτοβάθμια Κέντρα Υγείας και γενικότερα στο ΕΣΥ έχουν τραγικά αποτελέσματα για τον ελληνικό λαό. Η κυβέρνηση δεν χρησιμοποιεί σωστά τα δισεκατομμύρια του Ταμείου Ανάκαμψης, ώστε να δημιουργήσουμε ένα σύγχρονο ΕΣΥ, με υπηρεσίες σε όλη την Ελλάδα."
Επίσκεψη στην Κεντρική Υπηρεσία του ΕΚΑΒ,"Οι ελλείψεις προσωπικού στο ΕΚΑΒ, στα πρωτοβάθμια Κέντρα Υγείας και γενικότερα στο ΕΣΥ έχουν τραγικά αποτελέσματα για τον ελληνικό λαό. Η κυβέρνηση δεν χρησιμοποιεί σωστά τα δισεκατομμύρια του Ταμείου Ανάκαμψης, ώστε να δημιουργήσουμε ένα σύγχρονο ΕΣΥ, με υπηρεσίες σε όλη την Ελλάδα."
Περιοδεία στο Μαρούσι,
Περιοδεία στο Μαρούσι,
Live | Συνέντευξη στο OPEN,#live
Live | Ομιλία στη Ρόδο,#live
Ομιλια στη Σητεία,
Live | Συνέντευξη στο Κεντρικό Δελτίο Ειδήσεων του ΣΚΑΪ με τη Σία Κοσσιώνη,#live
Ομιλία στην Χίο,
Ομιλία του Νίκου Ανδρουλάκη,#live
Ζωντανά στο Κεντρικό Δελτίο Ειδήσεων του Ant1 με τον Νίκο Χατζηνικολάου,#live
Δήλωση στο Προεδρικό Μέγαρο μετά τη συνάντηση με την Πρόεδρο της Δημοκρατίας,#live
Ζωντανά από την Χαριλάου Τρικούπη,#live
Ήρθε η ώρα του κυρίαρχου Ελληνικού λαού,"Καλώ κάθε Ελληνίδα και κάθε Έλληνα, με ελπίδα και αισιοδοξία, να στηρίξει την προσπάθεια που κάνουμε. 
Δεσμεύομαι ότι θα αγωνιστώ με όλες μου τις δυνάμεις για ένα ισχυρό κοινωνικό κράτος, που θα μειώσει τις ανισότητες, με δημόσια υγεία, με δημόσια παιδεία, με ίσες ευκαιρίες για όλα τα ελληνόπουλα και, βέβαια, μία βιώσιμη ανάπτυξη, που θα σέβεται το περιβάλλον και τον άνθρωπο.

Τους καλώ να γυρίσουν την πλάτη στην τοξικότητα, στη διχόνοια. Να γυρίσουν την πλάτη σε όσους περιφρονούν τα πραγματικά τους προβλήματα. 
Σε όσους τα κάνουν όλα μόνο για την εξουσία. Είναι ικανοί να γίνουν ικέτες των ψήφων της Χρυσής Αυγής. Και, από την άλλη, να στήσουν ένα παρακράτος εις βάρος της Δημοκρατίας και του ελληνικού λαού.

Σήμερα, ήρθα να ασκήσω το εκλογικό μου δικαίωμα στον τόπο καταγωγής μου, το Αρκαλοχώρι. Για να υπογραμμίσω ποιο ήταν το επιτελικό κράτος του κ. Μητσοτάκη. Ήταν ένα περίβλημα του χάους και του πελατειασμού. Και αυτό αποδεικνύεται από το γεγονός ότι, δύο χρόνια μετά τον σεισμό, οι πολίτες του Αρκαλοχωρίου συνεχίζουν να ζουν κάτω από δραματικές συνθήκες στα κοντέινερ. 

Γι’ αυτό, λοιπόν, ελληνικέ λαέ, σου αξίζουν πολύ περισσότερα. Και είμαστε εδώ, στη νέα αυτή προσπάθεια, να σου τα προσφέρουμε."
Live | Κεντρική Ομιλία στο Ηράκλειο,
Live | Συνέντευξη στην εκπομπή Καλημέρα Ελλάδα με τον Γιώργο Παπαδάκη και την Μαρία Αναστασοπούλου,#live
A' μέρος | Συνέντευξη στην εκπομπή Happy Day στον Alpha με τη Σταματίνα Τσιμτσιλή,#live
Live | Συνέντευξη στο Κεντρικό Δελτίο Ειδήσεων του MEGA με τη Ράνια Τζίμα,#live
Κεντρική ομιλία στη Θεσσαλονίκη,
"Στις 21 Μαΐου δεν έχεις δίλημμα. Ψηφίζεις αξιοκρατία, αξιοπρέπεια, προοπτική",
B' Μέρος | Συνέντευξη στην εκπομπή Happy Day στον Alpha με τη Σταματίνα Τσιμτσιλή,#live
B' μέρος | Ζωντανά στον Real FM με τον Νίκο Χατζηνικολάου,#live
Ζωντανά από το Θησείο | Κεντρική Ομιλία στην Αθήνα,#live
Ζωντανά στον Real FM με τον Νίκο Χατζηνικολάου,#live
Ζωντανά στο κεντρικό δελτίο είδήσεων του Alpha με τον Αντώνη Σρόιτερ,#live
Συνέντευξη στο Blue Sky,#live
Ομιλία στη Θεσσαλονίκη,#live
Ομιλία στα Χανιά,#live
Ομιλία στα Χανιά,#live
Συνέντευξη στη Νέα Τηλεόραση Κρήτης,
Συνέντευξη στο Kontra Channel με την Αναστασία Γιάμαλη,
Ομιλία στην Πάτρα,
"Ελλάδα #μεΠΑΣΟΚ, Ελλάδα με αξιοκρατία, αξιοπιστία και προοπτική",
Ζωντανά στο κεντρικό δελτίο ειδήσεων του Ant1 με τον Νίκο Χατζηνικολάου,#live
"Ζωντανά στον ΣΚΑΪ 100,3 με τον Παύλο Τσίμα",#live
Ζωντανά το Debate των Πολιτικών Αρχηγών,#live
Συνέντευξη στην Τηλεόραση Creta με τον Σωτήρη Μεταξά,#live
Συνέντευξη στο Κεντρικό Δελτίο Ειδήσεων του STAR,#live
The 2night Show με τον Γρηγόρη Αρναούτογλου,#live
Β' μέρος / The 2night Show με τον Γρηγόρη Αρναούτογλου,#live
Ομιλία στη Λάρισα,#live
Ομιλία στη Λάρισα,#live
Επίσκεψη στη Νέα Σμύρνη,"Εμπιστευθείτε μας διότι έχουμε υψηλό δείκτη και αξιοπιστίας και γνώσης για να οικοδομήσουμε την Ελλάδα του πραγματικού 21ου αιώνα και όχι την Ελλάδα του παρακράτους, των υποκλοπών, του ρουσφετιού, της διχόνοιας, της τοξικότητας, των παρακρατικών μηχανισμών στα social media που ισοπεδώνουν προσωπικότητες, ανθρώπινα δικαιώματα και τη διάκριση εξουσιών."
Παρουσίαση προγραμματικών προτεραιοτήτων του ΠΑΣΟΚ - Κινήματος Αλλαγής,#live
Συνέντευξη Νίκου Ανδρουλάκη στον τηλεοπτικό σταθμό OPEN,
Ομιλία στον Πύργο,#live
Ομιλία στην Κομοτηνή,#live
"Ζωντανά στην εκπομπή ""Κοινωνία Ώρα Mega""",#live
Συνέντευξη στο Delphi Economic Forum,#live
Ομιλία στα Ιωάννινα,#live
Ομιλία στο Αγρίνιο,#live
Ομιλία στα Τρίκαλα,#live από το Μουσείο Τσιτσάνη
Επίσκεψη στις φυλακές Ωρωπού,
Ζωντανά από την Μυτιλήνη,#live
Ζωντανά από την Μυτιλήνη,#live
Μητσοτάκης και Τσίπρας είναι απολύτως υπεύθυνοι για τη λειτουργία ενός ψηφιακού παρακράτους,"«Η προάσπιση των ανθρωπίνων δικαιωμάτων είναι προτεραιότητα κάθε πολιτισμένης κοινωνίας. Θεωρώ, λοιπόν, αδιανόητο αυτό που συμβαίνει στο διαδίκτυο, και όχι μόνο, τις τελευταίες ώρες. 
Ο κ. Μητσοτάκης και ο κ. Τσίπρας είναι απολύτως υπεύθυνοι για τη λειτουργία ενός ψηφιακού παρακράτους, “κουκουλοφόρων”, ψηφιακών συμμοριών, που στοχοποιούν  προσωπικότητες ανθρώπων, που είτε θεωρούν ότι μπαίνουν εμπόδιο στα σχέδια τους είτε για άλλους δικούς τους λόγους. 
Θεωρώ ότι κάθε δημοκράτης και προοδευτικός πολίτης έχει χρέος να σταθεί απέναντι σε αυτές τις απάνθρωπες πρακτικές. Είναι πρακτικές, που δεν αξίζουν σε μία ευρωπαϊκή χώρα. Δεν αξίζουν στην Ελλάδα της Δημοκρατίας, στην Ελλάδα των αγώνων για το Κράτος Δικαίου. Γι΄ αυτό, έχουμε χρέος να σταθούμε απέναντι σε όλους εκείνους, που δεν καταλαβαίνουν ότι έχουν περάσει πάρα πολλά χρόνια από την εποχή, που αυτές οι πρακτικές γίνονταν αποδεκτές. Έχουμε τη δύναμη να εναντιωθούμε σε αυτό το ψηφιακό παρακράτος, το οποίο υποβαθμίζει κάθε έννοια κράτους δικαίου και ανθρωπίνων δικαιωμάτων»."
Βάλ'το αγόρι μου! Συνέντευξη με τον Βασίλη Σκουντή,
"Το Αναστάσιμο Φως, ας σημάνει μια πραγματικά νέα αρχή",
Περιοδεία στη Δημοτική αγορά του Πειραιά,
"Ποιο είναι το πρόσωπο, που έχει στο μυαλό του ο Νίκος Ανδρουλάκης; [Part 2]",
"Ποιο είναι το πρόσωπο, που έχει στο μυαλό του ο Νίκος Ανδρουλάκης; [Part 1]",
"Συνέντευξη στον Ant1 και στην εκπομπή ""Καλημέρα Ελλάδα""",#live
Η υπόθεση των υποκλοπών δεν θα παραγραφεί ούτε πολιτικά ούτε ποινικά,"Ο Πρόεδρος του ΠΑΣΟΚ-Κινήματος Αλλαγής, Νίκος Ανδρουλάκης, συναντήθηκε το πρωί με τον Προϊστάμενο της Εισαγγελίας Πρωτοδικών Αθηνών, κ. Ελευθεριάνο προκειμένου να καταθέσει αίτηση επίσπευσης της εισαγγελικής έρευνας για την υπόθεση των υποκλοπών.

Ο κ. Ανδρουλάκης προχώρησε στην ακόλουθη δήλωση:
«Ήρθα σήμερα εδώ, που χτυπά η καρδιά της Δικαιοσύνης και κατέθεσα στον κ. Ελευθεριάνο αίτηση επίσπευσης της εισαγγελικής έρευνας, που αφορά το ζήτημα των υποκλοπών. 
Η υπόθεση αυτή δεν θα παραγραφεί ούτε πολιτικά ούτε ποινικά. Και να είναι σίγουροι οι υπεύθυνοι ότι θα αναλάβουν πλήρως τις ευθύνες τους.
Η Ελλάδα είναι μια χώρα ισχυρού κράτους δικαίου. Είναι μια ευρωπαϊκή χώρα κι έχουμε χρέος, -όλο το πολιτικό σύστημα- να μην επιτρέψουμε να εκτεθεί ξανά η χώρα μας διεθνώς με τέτοιες ποινικά απαράδεκτες πράξεις εις βάρος πολιτών, εις βάρος των ανθρώπινων δικαιωμάτων»."
Ομιλία στις Σέρρες,#live
Τέλος στις διορισμένες διοικήσεις οργανισμών και νοσοκομείων.,
"Με ισχυρό διψήφιο ποσοστό, προγραμματικές συγκλίσεις και συζήτηση για πρόσωπα κοινής αποδοχής.",
"Kάνε τον θυμό, απόφαση αλλαγής","Αυτή η χώρα, γεννά θυμό, γιατί αποφασίζουμε για εκείνη πάντα με θυμό.
Όμως αυτό πρέπει να το αλλάξουμε.
Και μαζί να αποφασίσουμε σε τι χώρα θέλουμε να ζούμε.
Μπες στο digitalsociety.gr και κάνε τον θυμό, απόφαση αλλαγής."
Την 21η Μαΐου σας καλώ να πάρουμε μαζί απόφαση αλλαγής,"Μετά από μήνες αντιθεσμικής σεναριολογίας, που καλλιέργησε ο Πρωθυπουργός ψάχνοντας εναγωνίως σωσίβιο προσωπικής επιβίωσης, σήμερα ανακοίνωσε το τέλος της αποτυχημένης διακυβέρνησης του.

Επιχείρησε, μάλιστα, να προσδιορίσει ημερολογιακά και τις δεύτερες εκλογές, περιφρονώντας την έκφραση της βούλησης του ελληνικού λαού, αλλά και το ίδιο το Σύνταγμα.

Οι Ελληνίδες και οι Έλληνες στις εκλογές της 21ης Μαΐου ψηφίζουν για μια νέα ελπίδα. Για μια νέα προοπτική.

Η Κυβέρνηση Μητσοτάκη χαρακτηρίζεται από την κατάρρευση του δήθεν επιτελικού κράτους, τις πελατειακές σχέσεις, την αύξηση των κοινωνικών ανισοτήτων, την υπονόμευση του κράτους δικαίου και των ανεξάρτητων αρχών αλλά και τα εκτεταμένα φαινόμενα διαφθοράς.

Οι πολίτες ψηφίζουν για την Ελλάδα στην οποία αξίζει να ζούμε.

Για το κράτος που θα εγγυάται το δημόσιο συμφέρον, την κοινωνική δικαιοσύνη, τη δίκαιη ανάπτυξη, τη διαφάνεια και την αξιοκρατία.
Σε μια οικονομία ανθεκτική, βιώσιμη, ελληνική, με αξιοπρέπεια και ευημερία για όλους.

Την 21η Μαΐου σας καλώ να πάρουμε μαζί απόφαση αλλαγής."
Ομιλία στη Σπάρτη,#live
Συνέντευξη στην ΕΡΤ με τον Απόστολο Μαγγηριάδη,#live
"Ομιλία στο Ηράκλειο - Ανθεκτική Οικονομία, Δίκαιη Κοινωνία, Ισχυρή Ελλάδα",#live
Συνέντευξη στο Ράδιο Θεσσαλονίκη,#live
Συζήτηση για την ασφάλεια των σιδηροδρομικών δικτύων,
"[B ΜΕΡΟΣ] Συνέντευξη στον Alpha και στην εκπομπή ""Αυτοψία"" με τον Αντώνη Σρόιτερ",#live
"Συνέντευξη στον Alpha και στην εκπομπή ""Αυτοψία"" με τον Αντώνη Σρόιτερ",#live
Δήλωση στα Τέμπη,
"Στόχος της κυβέρνησης Μητσοτάκη ήταν εξαρχής η συγκάλυψη του παρακράτους, που η ίδια δημιούργησε.",
Παρέμβαση στην επιτροπή PEGA,"Στόχος της κυβέρνησης Μητσοτάκη ήταν εξαρχής η συγκάλυψη του παρακράτους, που η ίδια δημιούργησε.

Σε οποιαδήποτε ευρωπαϊκή χώρα που λειτουργεί εύρυθμα το κράτος δικαίου, θα είχαν κληθεί να λογοδοτήσουν στη Δικαιοσύνη ο κ. Δημητριάδης, ο ανιψιός του Πρωθυπουργού, η εισαγγελέας κυρία Βλάχου και ο τότε διοικητής της ΕΥΠ ο κ. Κοντολέων. Είναι προφανές ότι μετά από αυτή την κατάφωρη παραβίαση των ανθρωπίνων δικαιωμάτων και του Συντάγματος, δεν θα μπορούσε να σταθεί ούτε ο κ. Μητσοτάκης ως Πρωθυπουργός.

Αντ’ αυτού, όμως, αυτό που ζούμε, είναι η απίστευτη αντίδραση μιας καθεστωτικής φιλοσοφίας. Αντί, λοιπόν, να αποκαλυφθούν οι ένοχοι και να οδηγηθούν στη Δικαιοσύνη, τα θύματα και οι άτεγκτοι δικαστές που προσπαθούν να βρουν και να δώσουν στη δημοσιότητα το τι έχει συμβεί σε αυτή την υπόθεση, γίνονται στόχοι ηθικής απαξίωσης και πολιτικής εξόντωσης. 

Ο κ. Ράμμος στοχοποιήθηκε όλο το προηγούμενο διάστημα από συγκεκριμένα μέσα και υπουργούς της Κυβέρνησης, γιατί κάνει τη δουλειά του. Είπε ότι έχει βρεθεί ο λογαριασμός που πλήρωσε το μήνυμα και δόθηκαν στη Δικαιοσύνη τα στοιχεία για την αποστολή του μηνύματος παγίδευσης στο κινητό μου. Πότε δόθηκαν αυτά τα στοιχεία στη Δικαιοσύνη; Για να δούμε και τους ρυθμούς που κινείται η ελληνική Δικαιοσύνη. Διότι πρέπει επιτέλους μετά από οκτώ μήνες να αξιολογήσουμε και αυτό. Δεν πρέπει, από τη στιγμή που έχουν δοθεί αυτά τα στοιχεία, να μάθουμε ποιος είναι ο κάτοχος του λογαριασμού που έστελνε όλα αυτά τα μηνύματα, προσπαθώντας να εγκλωβίσει ανθρώπους με αυτό το κατασκοπευτικό υπερόπλο που λειτουργούσε στη χώρα μας, το Predator;"
Ομιλία στη Δράμα,#live
Συνάντηση με ομοσπονδίες τριτέκνων,"Συνάντηση με την Ομοσπονδία Πολυμελών Οικογενειών Τριών Τέκνων Ελλάδας (Ο.Π.Ο.Τ.Τ.Ε.) και την Παγκύπρια Οργάνωση Πολυμελούς Οικογένειας (Π.Ο.Π.Ο.) είχε νωρίτερα στη Βουλή ο Νίκος Ανδρουλάκης.

Ο Πρόεδρος του ΠΑΣΟΚ-Κινήματος Αλλαγής επισήμανε την προτεραιότητα που αποδίδει στην αντιμετώπιση του δημογραφικού.

«Έχουν αυξηθεί οι ανισότητες και το κόστος ζωής. Έχουμε χρέος να στηρίξουμε τους τρίτεκνους, αλλά και τις πολύτεκνες οικογένειες. Αυτό πρέπει να γίνει με φορολογικά κίνητρα αλλά και με ένα πρόγραμμα κοινωνικών κατοικιών στα πρότυπα άλλων ευρωπαϊκών χωρών» ανέφερε ο κ. Ανδρουλάκης παρουσιάζοντας την πρόταση του ΠΑΣΟΚ-Κινήματος Αλλαγής για την κοινωνική στέγη. Κύρια φιλοσοφία του αποτελεί η κατασκευή νέων κατοικιών αλλά και η παροχή κινήτρων ανακατασκευής σε ιδιώτες προκειμένου να εντάξουν τα ακίνητά τους σε μεγάλες δεξαμενές κοινωνικών κατοικιών. Έτσι, θα μειωθεί το κόστος στέγασης για πολύτεκνους, τρίτεκνους, νέα ζευγάρια και φοιτητές.

«Συμφωνούμε με την πολιτική οι τρίτεκνοι να αποκτούν τα δικαιώματα των πολύτεκνων χωρίς να θίγονται όσοι έχουν ήδη την πολυτεκνική ιδιότητα και επίσης θεωρούμε ότι είναι πάρα πολύ ουσιαστικό να στηρίξουμε και να καθιερώσουμε τον Εθνικό Αποταμιευτικό Λογαριασμό για κάθε παιδί ο οποίος θα χρηματοδοτείται από την πολιτεία και τον γονέα» σημείωσε ο κ. Ανδρουλάκης.

«Αυτές οι προτεραιότητες θα συμβάλουν στη βελτίωση των δημογραφικών στοιχείων. Αν αυτό δεν συμβεί άμεσα, δυστυχώς θα έχουμε ένα εθνικό και παράλληλα οικονομικό πλήγμα.Η χώρα θα γερνάει και θα λιγοστεύει το ανθρώπινο δυναμικό, που θα μπορεί να σηκώσει στις πλάτες του την ανάπτυξη της πατρίδας μας»τόνισε χαρακτηριστικά ο Πρόεδρος του ΠΑΣΟΚ-Κινήματος Αλλαγής.

Οι εκπρόσωποι των τριτέκνων από την πλευρά τους έθεσαν μεταξύ άλλων το ζήτημα της πλήρους εξομοίωσης με τους πολύτεκνους, τη στεγαστική συνδρομή με χαμηλότοκα δάνεια στα πρότυπα της Πορτογαλίας και τη στήριξη της εργαζόμενης μητέρας με ενισχυμένα κριτήρια και μοριοδότηση.

Στη συνάντηση συμμετείχαν,επίσης, ο βουλευτής και υπεύθυνος του κοινοβουλευτικού τομέα Εργασίας και Κοινωνικών Ασφαλίσεων, Γιώργος Μουλκιώτης, η Κοινοβουλευτική Εκπρόσωπος Νάντια Γιαννακοπούλου και η Γραμματέας του Τομέα Πρόνοιας και Κοινωνικής Συνοχής, Έφη Μπέκου."
Συνέντευξη στο Action24,#live
Κάποιοι δεν θέλουν να αντιμετωπίσουν το τέρας αλλά να το μιμηθούν #pasok,
Ομιλία στην Χαλκίδα,#live
