,Id,Title,Published_Date,Description,Tags,Views,Likes,Dislikes,Comments,Date,Time,LikestoViews,CommentstoViews,DislikestoViews,Combined_Metric
0,aaasi9o2jtM,Επιστολική ψήφος: Επιθυμεί η ΝΔ τον ειλικρινή διάλογο;,2024-01-23 18:09:52+00:00,"Γίνεται μια μεγάλη συζήτηση και εδώ στη Βουλή αυτές τις ημέρες, και πιστεύουμε ότι εσείς δικαιούστε να ξέρετε αδιαμεσολάβητα τις θέσεις του ΣΥΡΙΖΑ-ΠΣ. Θέσεις που πηγάζουν από την πάγια αρχή μας.",[],3001,209,0,51,2024-01-23,18:09:52,0.0696434521826058,0.016994335221592802,0.0,1412.9
1,2BGkTa2vwgY,Ομιλία στη συνεδρίαση της ΚΕ του ΣΥΡΙΖΑ Προοδευτική Συμμαχία,2024-01-13 11:56:01+00:00,Ομιλία στη συνεδρίαση της ΚΕ του ΣΥΡΙΖΑ Προοδευτική Συμμαχία,[],8053,233,0,46,2024-01-13,11:56:01,0.028933316776356636,0.005712156960139079,0.0,3691.2999999999997
2,-6tUsUp8v-0,Συνέντευξη στο κεντρικό δελτίο ειδήσεων του star και τη δημοσιογράφο Μάρα Ζαχαρέα,2024-01-13 10:13:57+00:00,"-Την ώρα που ο Πρωθυπουργός φοβάται και στρέφει τους βουλευτές του στην αποχή, να γνωρίζει η ελληνική κοινωνία: Αυτό το νομοσχέδιο -έστω ατελές- θα γίνει νόμος του Κράτους χάρη στις ψήφους του ΣΥΡΙΖΑ.

-Το δάνειό μου προς τον ΣΥΡΙΖΑ είναι μία κίνηση που συζητήθηκε πολύ. Αυτό που δε συζητήθηκε είναι πώς ένας πρόεδρος ενός κόμματος το οποίο χρωστάει μισό δισ. € κυβερνά τη χώρα και συγχρόνως ζητά και 9.000 € αποζημιώσεις για τις ελιές του. Αυτό δε συζητείται.
Η στάση μου είναι μια στάση αξιοπρεπής, ανιδιοτελής.
Υπήρχε άλλη λύση; Ναι. Η εξάρτηση από επιχειρηματικά συμφέροντα. Δεν πρόκειται να αφήσω τον ΣΥΡΙΖΑ να καταλήξει εκεί.",[],2513,106,0,35,2024-01-13,10:13:57,0.04218066056506168,0.013927576601671309,0.0,1164.3500000000001
3,hNsY44Jocpc,Δε θα αφήνω αναπάντητη τη γιγαντιαία προπαγάνδα του συστήματος Μητσοτάκη,2024-01-08 18:43:18+00:00,"Το έχω πει από την πρώτη στιγμή, πριν καν εκλεγώ: 
Δε θα αφήνω αναπάντητη τη γιγαντιαία προπαγάνδα του συστήματος Μητσοτάκη, με τον μόνο τρόπο που έχω: μιλώντας σ’ εσάς απευθείας.",[],3579,291,0,56,2024-01-08,18:43:18,0.08130762782900251,0.015646828723107013,0.0,1694.5
4,SJI7Wh6Gj3o,Καλή Χρονιά!,2023-12-28 15:47:42+00:00,,[],8195,449,0,48,2023-12-28,15:47:42,0.054789505796217206,0.005857230018303843,0.0,3809.6
5,bRmdhM_Ecps,Θέλησα να κάνω τις αόρατες διαδρομές στην πόλη. Τις διαδρομές των αστέγων.,2023-12-26 10:00:31+00:00,"Ημέρες γιορτής στην Αθήνα. Θέλησα να κάνω τις αόρατες διαδρομές στην πόλη. Τις διαδρομές των αστέγων.

Με τον κύριο Μιχάλη, που γνώρισε πώς είναι να είσαι άστεγος στην πρωτεύουσα.
Και τον εκδότη του περιοδικού δρόμου «Σχεδία», Χρήστο Αλεφάντη. 

Ξεκινήσαμε από τον σταθμό του μετρό στο Μεταξουργείο, περάσαμε από το Πολυδύναμο Κέντρο Αστέγων (ξενώνας «Ionis»), Δεληγιώργη, Σοφοκλέους , Πειραιώς, Αγίων Αναργύρων…
Καταλήξαμε στο σπίτι της «Σχεδίας» (Κολοκοτρώνη & Νικίου), όπου μου έκαναν την τιμή να με βάλουν στο γιορτινό τραπέζι τους άστεγοι και πρώην άστεγοι συμπολίτες μας. 

Άνθρωποι που έχασαν τη γη κάτω απ’ τα πόδια τους και προσπαθούν να ξαναπιάσουν το νήμα της ζωής

Όταν θα γίνουμε κυβέρνηση, εθνικός στόχος θα είναι να εξαλειφθεί πλήρως η αστεγία.
Με σχέδιο. Προσήλωση. Οργάνωση.
Και θα το καταφέρουμε.",[],4610,285,0,55,2023-12-26,10:00:31,0.06182212581344902,0.01193058568329718,0.0,2156.75
6,qmxYhbx9BKc,Κάλαντα Χριστουγέννων από τον Σύλλογο «Δικταίοι Καστρινοί»,2023-12-24 07:51:09+00:00,"Με δύναμη από την Κρήτη, για όλη την Ελλάδα.
Χρόνια πολλά, υγεία για εσάς και τις οικογένειές σας, αλληλεγγύη και κοινωνική δικαιοσύνη για ένα καλύτερο αύριο.",[],2633,150,0,26,2023-12-24,07:51:09,0.0569692366122294,0.009874667679453095,0.0,1227.5500000000002
7,dD72uZZuViM,Ομιλία στο Digital Economy Forum 2023: «Shaping Greece’s Digital Future» του ΣΕΠΕ,2023-12-18 20:23:31+00:00,Ομιλία στο Digital Economy Forum 2023: «Shaping Greece’s Digital Future» του ΣΕΠΕ,[],3575,211,0,38,2023-12-18,20:23:31,0.05902097902097902,0.01062937062937063,0.0,1669.1
8,oEGNyETXVko,Ομιλία στη συνεδρίαση της Κοινοβουλευτικής Ομάδας του ΣΥΡΙΖΑ-Προοδευτική Συμμαχία,2023-12-17 20:56:02+00:00,Ομιλία στη συνεδρίαση της Κοινοβουλευτικής Ομάδας του ΣΥΡΙΖΑ-Προοδευτική Συμμαχία,[],4221,250,0,35,2023-12-17,20:56:02,0.059227671167969675,0.008291873963515755,0.0,1968.95
9,4_WMprh_bL0,Το φιλότιμο όμως δεν μπορεί να υποκαθιστά το Κράτος,2023-12-14 06:59:47+00:00,"Μεσολόγγι.
Ζήτησα να δω την Αθηνά Παπαχρήστου. Τη «γιαγιά» όλων μας, που από το κομπόδεμά της αγόρασε ασθενοφόρο για το ΕΚΑΒ.

Την ευχαρίστησα για το φιλότιμό της. Το φιλότιμο όμως, το 2023, δεν μπορεί να υποκαθιστά το Κράτος. Το λέει κι εκείνη: «Θέλω να βγει ένας άνθρωπος, κάπως να ισάξει ετούτο το κράτος».

Ο Κυριάκος Μητσοτάκης της είχε τηλεφωνήσει να την ευχαριστήσει. Της είχε πει ότι θα πάει να τη δει. Η κυρία Αθηνά τού απάντησε: «Να ‘ρθεις αλλά πάρε και κανένα ασθενοφόρο».",[],4912,352,0,49,2023-12-14,06:59:47,0.07166123778501629,0.009975570032573289,0.0,2308.2000000000003
10,vQNkIhf4h4g,Συνέντευξη στην εκπομπή «Στο Κέντρο» και τον δημοσιογράφο Γιώργο Κουβαρά,2023-12-13 09:18:32+00:00,"Η Κυβέρνηση υιοθέτησε τα δικά μας μέτρα, τα οποία ανακοίνωσα το Σάββατο στην Κ.Ε..
Είχε όμως την «έμπνευση» να προσθέσει σε αυτά τον αποκλεισμό όλων των φιλάθλων απ' όλους τους αγώνες για δυο μήνες. Είναι η κλασική προσέγγιση της Κυβέρνησης: Όταν δεν μπορεί να λύσει ένα θέμα, οριζόντιο μέτρο παντού.

*Συνέντευξη στην εκπομπή «Στο Κέντρο» και τον δημοσιογράφο Γιώργο Κουβαρά",[],11677,472,0,93,2023-12-13,09:18:32,0.04042134109788473,0.007964374411235762,0.0,5391.250000000001
11,hHUbpjyLs1o,Ομιλία στη Συνεδρίαση της Κεντρικής Επιτροπής του ΣΥΡΙΖΑ - Προοδευτική Συμμαχία,2023-12-09 23:48:30+00:00,"Ομιλία του Προέδρου του ΣΥΡΙΖΑ - Προοδευτική Συμμαχία, Στέφανου Κασσελάκη, στη Συνεδρίαση της Κεντρικής Επιτροπής.",[],7037,227,0,56,2023-12-09,23:48:30,0.03225806451612903,0.007957936620719057,0.0,3234.6
12,cmV6wK0geJI,Ομιλία στο 34th Annual Greek Economic Summit,2023-12-06 08:08:38+00:00,"Ομιλία στο 34th Annual Greek Economic Summit που διοργανώνει το Ελληνο-Αμερικανικό Εμπορικό Επιμελητήριο στο Intercontinental.

Η κυβέρνηση δεν έμαθε τίποτα από αυτό που συνέβη στη χώρα. Με τις συνταγές που ζήσαμε στους σκοτεινούς καιρούς, επιβάλλει εθελοντικά λιτότητα τουλάχιστον μέχρι το 2026.
Μια ανάπτυξη τύπου Κ με τα κονδύλια του Ταμείου Ανάκαμψης και Ανθεκτικότητας (RRF) να πηγαίνουν σε λίγους και να φέρνουν ασθενική ανάπτυξη εις βάρος των πολλών, οι οποίοι θα βιώσουν δημοσιονομική ασφυξία με φόρους - ρεκόρ 25ετίας.

Χρειαζόμαστε τη φωνή της Διασποράς ως μοχλό πίεσης για την επιστροφή –επιτέλους- των κλεμμένων Γλυπτών του Παρθενώνα στο σπίτι τους. Χρειαζόμαστε τη φωνή της Διασποράς για να πιέσουμε την Τουρκία να σταματήσει να αμφισβητεί τα κυριαρχικά μας δικαιώματα. Και χρειαζόμαστε αυτή η φωνή της Διασποράς να εκφραστεί μέσω της επιστολικής ψήφου στις Ευρωεκλογές του Ιουνίου.",[],3027,190,0,16,2023-12-06,08:08:38,0.06276841757515692,0.005285761480013214,0.0,1412.8500000000001
13,iJp8TDnxqQE,Η ζωή είναι ένα δώρο και τη ζεις χωρίς πρόβες,2023-12-04 10:25:49+00:00,"Παγκόσμια ημέρα ατόμων με αναπηρία, υπάρχουν δύο δρόμοι: Να μιλήσει ένας πολιτικός «έξω απ’ το χορό». Ή να ακούσει.
Συνάντησα τη Μαρίνα Τριανταφυλλίδη, φιλόλογο, άτομο με οπτική αναπηρία. Πιστεύω ότι αν δείτε αποσπάσματα από την αφήγησή της, θα νιώσετε όπως ένιωσα κι εγώ.
Την ανάγκη να γίνουμε πραγματικά Ευρώπη, να προσφέρουμε προσβασιμότητα στα πάντα, στήριξη, παιδεία, εργασία, μία κοινωνία για όλους.
Από την πλευρά μας, δε θα σκεφτούμε ούτε ένα ευρώ, ώστε οι άνθρωποι με αναπηρία να έχουν αυτόνομες, ισότιμες ζωές. Αλλιώς, μια οικονομία για λίγους δεν έχει κανένα νόημα.",[],2901,201,0,30,2023-12-04,10:25:49,0.06928645294725956,0.010341261633919338,0.0,1361.7
14,TzkrcnjCKFk,"Οι νέοι θέλουν αξιοκρατία, ευκαιρίες και σεβασμό",2023-12-04 08:00:25+00:00,"Ο Κυριάκος Μητσοτάκης είναι ο θείος που λέει «εγώ θα κάτσω με τη νεολαία» και της μοιράζει φραγκοδίφραγκα αντί για εργασία, παιδεία, ποιότητα ζωής και προοπτική.
Οι νέοι θέλουν αξιοκρατία, ευκαιρίες και σεβασμό.
Μην τους υποτιμάτε.",[],3058,256,0,61,2023-12-04,08:00:25,0.08371484630477437,0.019947678221059514,0.0,1452.3000000000002
15,GsWnauCfCj0,Ομιλία στη συνεδρίαση της Κ.Ο. του ΣΥΡΙΖΑ ΠΣ,2023-11-30 17:09:59+00:00,"Ομιλία του προέδρου του ΣΥΡΙΖΑ - Προοδευτική Συμμαχία, Στέφανου Κασσελάκη, στη συνεδρίαση της Κ.Ο.",[],6791,281,0,54,2023-11-30,17:09:59,0.04137829480194375,0.007951700780444706,0.0,3137.0000000000005
16,dmYx0WIqrt4,"Θα γελούσα με το black χιούμορ του, αν δεν ήταν τόσο black η καθημερινότητα που έφτιαξε.",2023-11-22 16:45:43+00:00,"Σήμερα στη Βουλή, ο Κυριάκος Μητσοτάκης είπε ότι κινδυνεύουμε να γίνουμε κόμμα Black Friday, -50%.
Θα γελούσα με το black χιούμορ του, αν δεν ήταν τόσο black η καθημερινότητα που έφτιαξε για τους πολίτες.
Δείτε το βίντεο μαζί μου!",[],4585,285,0,41,2023-11-22,16:45:43,0.062159214830970554,0.008942202835332607,0.0,2142.7
17,dndHdFBqFms,Πόσοι τολμάνε να έρθουν απροειδοποίητα εδώ;,2023-11-22 14:49:20+00:00,"Πόσοι τολμάνε να έρθουν εδώ μέσα στον κόσμο να μιλήσουν;
Απροειδοποίητα.
Αδιαμεσολάβητα.
Δώστε μας την ευκαιρία.",[],2913,238,0,34,2023-11-22,14:49:20,0.08170271198077583,0.01167181599725369,0.0,1377.15
18,uDOuz-WjIW0,Συγκέντρωση για τη φορολόγηση των ελεύθερων επαγγελματιών,2023-11-22 14:30:08+00:00,,[],4132,149,0,12,2023-11-22,14:30:08,0.036060019361084224,0.002904162633107454,0.0,1899.0500000000002
19,Dx9d0Ynk9No,"Συνέντευξη στο Κόκκινο 105,5 και στην Ευγενία Λουπάκη",2023-11-20 15:44:23+00:00,"Με τίμησε ο Αλέξης Τσίπρας να είμαι στο Επικρατείας. Έτρεξα για μήνες, δίπλα του. Αν δεν σεβόμουν το κόμμα, δεν θα σεβόμουν τον Αλέξη Τσίπρα.
Επειδή ακριβώς σέβομαι το κόμμα, έτεινα χείρα φιλίας από την πρώτη μέρα.
Προσκάλεσα την κυρία Αχτσιόγλου στο γραφείο μου στη βουλή και της προσέφερα όποιον ρόλο ήθελε.
Άρα, όταν διαβάζω ότι «δεν υπάρχει δυνατότητα συμβίωσης με την τωρινή ηγετική ομάδα», ξέρετε τι σκέφτομαι; Μα θα ήταν ηγετική ομάδα αν είχαν αποδεχθεί την πρόσκλησή μου.
Και αυτήν την εβδομάδα, είπα ότι ήθελα να κάνω ένα πολιτικό κέντρο, να είμαστε ισότιμοι, δεν υπάρχει στενός κύκλος. Έχω πει τόσες φορές: ο δεύτερος είναι πρώτος. 
Από εκεί και πέρα, κανείς δεν έχει δικαίωμα να παίζει με την υπομονή και την αγωνία του κόσμου του ΣΥΡΙΖΑ. Αν είναι να αποφασίσουν κάτι, ας το αποφασίσουν τώρα. Ούτε εγώ έχω δικαίωμα να παίζω με την υπομονή και την αγωνία του κόσμου του ΣΥΡΙΖΑ.",[],2476,146,0,42,2023-11-20,15:44:23,0.05896607431340872,0.016962843295638127,0.0,1159.1000000000001
20,4PURZO0Cr4s,Ομιλία στο κλείσιμο των εργασιών της Κεντρικής Επιτροπής του ΣΥΡΙΖΑ - ΠΣ,2023-11-14 11:08:56+00:00,"Δεν πρέπει κανείς να χειροκροτήσει για την αποχώρηση της ομάδας της Ομπρέλας.
Να σας πω γιατί;
Όχι επειδή αισθάνομαι άσχημα για τα 43 άτομα που υπογράφουν, αλλά διότι υπάρχει κόσμος του ΣΥΡΙΖΑ που βάσισε τις ελπίδες του και σε αυτούς τους ανθρώπους.
Δεν μπορούμε, αλαζονικά, να προσβάλλουμε όσους έβαλαν σταυρό σε αυτούς τους ανθρώπους.
Και θέλω να πω στον κόσμο που είχε ευθυγραμμιστεί με τη συγκεκριμένη πρώην τάση του ΣΥΡΙΖΑ: έχετε χώρο εδώ μαζί μας, γιατί εδώ η μόνη τάση θα είναι η δημοκρατική τάση από τη βάση. Με τα όργανα να κάνουν πολιτική από εσάς για εσάς και για όλη την κοινωνία.
Υπάρχουν δύο βουλευτές που έχουν υπογράψει την αποχώρησή τους από τον ΣΥΡΙΖΑ. Τους θυμίζω το άρθρο 2β του κώδικα δεοντολογίας, στον οποίο έχουν συμφωνήσει, που λέει: «Όλοι και όλες οι βουλευτές που εκλέγονται με ψηφοδέλτιο του ΣΥΡΙΖΑ δεσμεύονται πολιτικά και ηθικά ότι η έδρα που καταλαμβάνουν ανήκει στο κόμμα και όχι στους ίδιους και στις ίδιες». Τους καλώ να δώσουν την έδρα πίσω στον ΣΥΡΙΖΑ. Διότι στις πλάτες του Αλέξη και του ΣΥΡΙΖΑ έχουν τις έδρες.
Έχουμε προφανώς μία νέα πραγματικότητα: Πλέον δεν υπάρχουν διαγραφές. Συνεπώς δεν υπάρχει κανένας λόγος δημοψηφίσματος για κανένα θέμα.
Το καταστατικό του κόμματος πάντα ίσχυε, πάντα θα ισχύει, και με μένα πρώτα από όλους.
Από την εισήγηση την οποία ετοίμασαν οι γραμματείς, σας διαβάζω τη διατύπωση η οποία με βρίσκει πλήρως σύμφωνο: «Τα άτομα που εκτοξεύουν τέτοιες ύβρεις και συκοφαντίες δεν μπορεί να φέρουν την ιδιότητα του μέλους του ΣΥΡΙΖΑ - Προοδευτική συμμαχία και δεν μπορεί να εκπροσωπούν το κόμμα».
Σήμερα αρχίζει η ενότητα του ΣΥΡΙΖΑ.
Όπως είπα και χθες -και το εννοώ-, δεν υπάρχει στενός κύκλος. Θέλετε να δουλέψετε; Ελάτε. «Ξεσκονίζω» από πάνω μας ό,τι έχει ειπωθεί εδώ μέσα.
Αύριο είναι μία καινούργια μέρα για τον ΣΥΡΙΖΑ.",[],3169,157,0,31,2023-11-14,11:08:56,0.04954244241085516,0.009782265698958662,0.0,1471.5
21,jfCbUjhfB0I,Ομιλία στην έναρξη των εργασιών της Κεντρικής Επιτροπής του ΣΥΡΙΖΑ - ΠΣ,2023-11-11 12:44:51+00:00,"Ομιλία του προέδρου του ΣΥΡΙΖΑ - Προοδευτική Συμμαχία, Στέφανου Κασσελάκη, στην έναρξη των εργασιών της Κεντρικής Επιτροπής του ΣΥΡΙΖΑ - Προοδευτική Συμμαχία. (11.11.2023)",[],41948,780,0,296,2023-11-11,12:44:51,0.018594450271765043,0.007056355487746734,0.0,19130.800000000003
22,hXwLMQIKBk0,Δε θα κάνω πίσω. Θα τιμήσω την εντολή που έλαβα πλήρως.,2023-11-10 11:34:35+00:00,"Δε θα κάνω πίσω.
Η λειτουργία ενός κόμματος, πόσω μάλλον της Αξιωματικής Αντιπολίτευσης, αποτελεί πολύ σοβαρό ζήτημα για να γίνεται θέμα αναβολών και σκόπιμων ή μη καθυστερήσεων.

Γι’ αυτόν τον λόγο αύριο θα ζητήσω από την Κεντρική Επιτροπή να αποφασίσει τη διεξαγωγή δημοψηφίσματος απευθείας από τα μέλη και τους φίλους του κόμματος για την αποπομπή των 4 στελεχών που προσέβαλαν βάναυσα όλους μας. Εάν η Κ.Ε. αρνηθεί, θα προχωρήσω στη διεξαγωγή του δημοψηφίσματος με αίτημα του 15% των μελών του ΣΥΡΙΖΑ, ακριβώς όπως προβλέπει το καταστατικό μας.

Στο όνομα των αγωνιστών της καθημερινότητας και όχι των κομματικών γραφείων, σας λέω ξεκάθαρα:
Δε θα κάνω πίσω! Θα τιμήσω την εντολή που έλαβα πλήρως. Ο ΣΥΡΙΖΑ θα γίνει ένα υγιές, ενιαίο κόμμα, όπου η μόνη τάση θα είναι η δημοκρατία από τη βάση.",[],7637,417,0,93,2023-11-10,11:34:35,0.05460259264108943,0.012177556632185412,0.0,3559.5
23,4MCgM2WcZQY,473.000 ελεύθεροι επαγγελματίες θα πληρώσουν επιπλέον φόρο 1444 ευρώ ο καθένας!,2023-11-02 07:53:36+00:00,"Ξέρετε τι είναι να γίνει με το νέο φορολογικό καθεστώς Μητσοτάκη;
Δείτε στο βίντεο.
Η λογική «41% έχω, ό,τι θέλω κάνω» οδηγεί ΚΑΙ σε φορολογική αλαζονεία. 
Δεσμευόμαστε στους ελεύθερους επαγγελματίες ότι με εισόδημα ως 10.000 ευρώ, ο φόρος τους θα είναι ΜΗΔΕΝ.
Όχι επειδή σας κάνουμε χάρη.
Αλλά επειδή με αυτά τα εισοδήματα, είναι κοινωνική ανάγκη ο φόρος που πληρώνετε να είναι ΜΗΔΕΝ.",[],3835,156,0,21,2023-11-02,07:53:36,0.04067796610169491,0.005475880052151239,0.0,1768.95
24,ALUpUFRuA7I,Ομιλία στη συνεδρίαση της ΚΟ του ΣΥΡΙΖΑ - ΠΣ,2023-11-01 05:30:03+00:00,"Η πρότασή μας για ένα Δημόσιο με Αξιοκρατία: Όλες οι διοικήσεις να επιλέγονται από το ΑΣΕΠ.

Ο ΣΥΡΙΖΑ προτείνει τα αυτονόητα: 

Όλες οι διαδικασίες επιλογής των Διοικήσεων του Δημοσίου να περάσουν στον πλήρη έλεγχο του ΑΣΕΠ. Εμπιστευόμαστε την Ανεξάρτητη Αρχή να επιλέξει τους πραγματικά κατάλληλους για κάθε θέση. Αυτό σημαίνει για εμάς αριστεία. 
Δεν είναι μάρκετινγκ. Στην πράξη, για τις ζωές των Ελλήνων.
Όλη η διαδικασία ξεκινάει και ολοκληρώνεται από τον ΑΣΕΠ. Αυτή είναι και η δική μας πρόταση. Χωρίς δισταγμούς, χωρίς εκπτώσεις, χωρίς υπεκφυγές.

Στην πράξη λοιπόν:

1) Η επιλογή των Διοικητών των δημόσιων Οργανισμών να γίνεται αποκλειστικά από το ΑΣΕΠ. Χωρίς καμία παρέμβαση της κυβέρνησης.  Πετάμε τον κομματισμό και το ρουσφέτι έξω από το Δημόσιο Τομέα. Φέρνουμε οξυγόνο αξιοκρατίας και διαφάνειας στη λειτουργία του Δημοσίου.
 
 2) Οι Διοικήσεις των Οργανισμών θα αξιολογούνται ανά τακτά διαστήματα τόσο από τους εργαζόμενους, όσο και από τις τοπικές κοινωνίες και τους αποδέκτες των υπηρεσιών τους. Δίνουμε το λόγο στην κοινωνία. Αυτούς υπηρετούμε, σε αυτούς λογοδοτούμε.",[],6887,242,0,78,2023-11-01,05:30:03,0.03513866705386961,0.011325686075214171,0.0,3175.25
25,igSB40wjBNM,Δήλωση για την 28η Οκτωβρίου,2023-10-28 17:46:50+00:00,"Xρόνια πολλά σε όλες τις Eλληνίδες και σε όλους τους Έλληνες.
Eίναι μια συγκινητική μέρα για τη χώρα μας, για το έθνος μας, για όλο τον ελληνισμό. Eίναι η ημέρα που 83 χρόνια πριν, η Eλλάδα ξάφνιασε όλη την υφήλιο. Πολύ πιο δυνατές, θεωρητικά, χώρες έπεσαν μέσα σε λίγες μέρες. 
Ο ελληνικός λαός είπε ΟΧΙ και πέτυχε το ακατόρθωτο. Με μία αντίσταση η οποία άλλαξε την Ιστορία. 
Είμαστε η μόνη χώρα η οποία γιορτάζει και την απελευθέρωση και την αντίσταση ενάντια στο φασισμό.
Πρέπει να θυμόμαστε αυτή τη μέρα, να αντλούμε έμπνευση από τους αγώνες του ελληνικού λαού και να συνειδητοποιούμε κάθε μέρα ότι ο τρόπος με τον οποίο προστατεύουμε τη χώρα μας, την ελευθερία μας είναι με το να είμαστε μία ενωμένη κοινωνία. Μια κοινωνία η οποία με αίσθημα συλλογικότητας μπορεί να χτίσει μια πραγματικά δυνατή οικονομία η οποία με τη σειρά της θα υποστηρίξει τις ένοπλες δυνάμεις. 
Πάνω από όλα όμως, ενότητα μεταξύ μας. Αυτή θα υπηρετήσω προσωπικά ως αρχηγός αξιωματικής αντιπολίτευσης.",[],2111,120,0,33,2023-10-28,17:46:50,0.05684509711037423,0.015632401705352912,0.0,986.5500000000001
26,pciIZSCWdNc,Ομιλία στο 27ο ετήσιο Συνέδριο του Economist,2023-10-27 08:39:54+00:00,"Ομιλία του Προέδρου του ΣΥΡΙΖΑ-Προοδευτική Συμμαχία, Στέφανου Κασσελάκη, στο 27ο ετήσιο Συνέδριο του Economist. (26.10.2023)",[],4311,194,0,55,2023-10-27,08:39:54,0.045001159823706796,0.012758060774762237,0.0,1999.45
27,KWM9xc2iOzQ,Προς το καλύτερο. Προς το Δίκαιο. Προς την Αριστερά.,2023-10-22 18:45:41+00:00,"Έψαξαν τι έλεγα στα 19 και στα 24 μου. Λες και οι άνθρωποι
δεν αλλάζουν. Ειδικά σε αυτήν την ηλικία.
Βιωματικά μεγάλωσα. Έγινα επιχειρηματίας. Είδα τις
γιγαντιαίες ανισότητες. Άλλαξα. Έχω τη δύναμη να αλλάζω.
Εγώ δεν ανήκω σε πολιτική οικογένεια. Δεν είμαι κληρονόμος. Ό,τι είμαι είναι ό,τι κατέκτησα μόνος. Γι’ αυτόν τον λόγο έχω την ελευθερία της Αλλαγής. Προς το καλύτερο. Προς το Δίκαιο. Προς την Αριστερά.",[],4588,242,0,75,2023-10-22,18:45:41,0.05274629468177855,0.016346992153443766,0.0,2140.1
28,w4LK0qnAa8w,Για τον προοδευτικό κόσμο που ύψωσε ανάστημα,2023-10-15 22:12:45+00:00,"Ήθελα να είμαι μαζί σας απόψε.
Σας στέλνω ένα μήνυμα από τη Νέα Υόρκη.
Για τον προοδευτικό κόσμο που ύψωσε ανάστημα.
Για τη σύγχρονη Αριστερά που ακομπλεξάριστα είπε, πριν καν την πρώτη Κυριακή, «είμαστε με τους προοδευτικούς υποψηφίους χωρίς αστερίσκους».
Και είδατε τι έγινε.",[],5515,250,0,74,2023-10-15,22:12:45,0.04533091568449683,0.013417951042611061,0.0,2559.05
29,MK8DSjxifQ8,Stefanos Kasselakis Live Stream,2023-10-11 11:59:07+00:00,,[],0,0,0,0,2023-10-11,11:59:07,,,,0.0
30,b1ODKWhC7hc,Ομιλία στη γενική συνέλευση των μελών του ΣΕΒ,2023-10-11 10:20:39+00:00,"Ομιλία του προέδρου του ΣΥΡΙΖΑ-Προοδευτική Συμμαχία,  Στέφανου Κασσελάκη, στη γενική συνέλευση των μελών του ΣΕΒ. (11.10.2023)",[],5932,215,0,47,2023-10-11,10:20:39,0.03624409979770735,0.007923128792987188,0.0,2732.55
31,xV7GHMSCA2g,Αποσπάσματα από τη συνέντευξή μου στην εκπομπή «Πρωταγωνιστές» και τον Σταύρο Θεοδωράκη,2023-10-05 23:24:43+00:00,"«Ανθρωπιά». Αυτή είναι η πολιτική μου σκέψη. Ό,τι κάνω, σκέφτομαι: «Το κάνουμε με ανθρωπιά;»
👉Για όσους νομίζουν ότι έχουν βρει ένα «αμερικανάκι» σε μένα, σύντομα θα καταλάβουν ότι έχουν βρει έναν Κρητίκαρο.
👉Μία από τις συμβουλές που μου έδωσε ο Αλέξης Τσίπρας: «Από κάθε έναν να παίρνεις κάτι θετικό». Και νομίζω είναι πολύ σοφό αυτό.
👉Ποτέ δεν θα με ακούσεις να λέω ότι γνωρίζω τα πάντα. Είναι αλαζονικό να είσαι πολιτικός και να λες «ξέρω τα πάντα». Διότι στα χέρια σου έχεις τη ζωή του πολίτη και αν λοιπόν νομίζεις ότι ξέρεις τα πάντα και είσαι λάθος, χαλάς το μέλλον του πολίτη. Αυτό που πρέπει να κάνεις ως πολιτικός και ειδικά σαν κυβέρνηση είναι να κάνεις λιγότερα λάθη.
👉Η υγιής επιχειρηματικότητα και η προκοπή είναι αριστεροί όροι. Δεν πρόκειται να τους δώσουμε στη Δεξιά. Η αντίδραση «Α! Είσαι επιχειρηματίας και πρέπει να είσαι δεξιός» είναι μια προκατάληψη. Τα μέλη του ΣΥΡΙΖΑ απέδειξαν ξεκάθαρα ότι είναι προκατάληψη.
👉Η Παιδεία είναι δημόσιο αγαθό, το ρεύμα είναι δημόσιο αγαθό. Το νερό είναι δημόσιο αγαθό. Έχει αποδειχθεί σε διάφορες χώρες, και στις Ηνωμένες Πολιτείες και στο Ηνωμένο Βασίλειο, ότι τα δημόσια αγαθά, όταν διοικούνται με όρους κερδοσκοπικούς,  μπορεί να δημιουργήσουν προβλήματα στην κοινωνία.
👉Δεν είναι προσωπικό του γονέα. Είναι προσωπικό του παιδιού. Άρα να σεβόμαστε τη βούληση του παιδιού για το πώς θέλει να εκδηλωθεί, να είναι ο εαυτός του. Και η δεύτερη συμβουλή που θα είχα, είναι: Μην περιμένετε αναγκαστικά να το πει το παιδί σε εσάς. Μην περιμένεις να το ακούσεις από τον γιο σου, την κόρη σου. Διαβάστε τα μηνύματα και δώστε μια ζεστασιά.
👉Υπάρχει μια μεγάλη πλειοψηφία στην Ελλάδα που θέλει να ξεφύγει από το «Συριζαίος» και το «Νεοδημοκράτης» στο Νοσοκομείο, στο Πανεπιστήμιο, στη Δικαιοσύνη, στο Δημόσιο.
Ακριβώς αυτό πρέπει να αλλάξουμε.",[],17955,262,0,54,2023-10-05,23:24:43,0.014592035644667224,0.0030075187969924814,0.0,8156.05
32,LVHW05K125U,Ομιλία στη συνεδρίαση της ΚΟ του ΣΥΡΙΖΑ - ΠΣ,2023-10-05 15:34:58+00:00,"Ομιλία του προέδρου του ΣΥΡΙΖΑ - Προοδευτική Συμμαχία, στη συνεδρίαση της ΚΟ. (05.10.2023)",[],23942,516,0,168,2023-10-05,15:34:58,0.02155208420349177,0.007016957647648484,0.0,10936.5
33,BHPypYmz_NE,"Δήλωση μετά την συνάντηση με τον Πρόεδρο της Κυπριακής Δημοκρατίας, κ. Χριστοδουλίδη",2023-10-05 08:44:40+00:00,"Δήλωση του προέδρου του ΣΥΡΙΖΑ - ΠΣ, Στέφανου Κασσελάκη, μετά την συνάντηση με τον Πρόεδρο της Κυπριακής Δημοκρατίας, κ. Χριστοδουλίδη. (04.10.2023)",[],2149,97,0,15,2023-10-05,08:44:40,0.045137273150302464,0.006979990693345742,0.0,994.3000000000001
34,xAdsB8UFVPE,"Ο πρωθυπουργός της νέας εποχής ό,τι λέει θα το κάνει. Και για ό,τι κάνει, θα έχει όλη την ευθύνη.",2023-10-05 08:38:49+00:00,,[],8390,343,0,35,2023-10-05,08:38:49,0.04088200238379023,0.004171632896305125,0.0,3868.25
35,fw3r_4ZKDnk,Η παρακμή τελειώνει. Θα είμαστε εδώ για να στηρίξουμε μια Σύγχρονη Ελλάδα.,2023-10-05 08:30:56+00:00,,[],19699,610,0,79,2023-10-05,08:30:56,0.0309660388852226,0.004010355855627189,0.0,9032.85
36,t5HdZqGc-Rw,Θα έχουμε το δικό μας μεγάφωνο και θα είστε εσείς,2023-10-05 08:25:52+00:00,"«Πουθενά το Κράτος. Εσείς είστε οι πρώτοι που μπαίνετε στα σπίτια μας».
Η φράση που ακούω από το πρωί.
Στη Μαγνησία, στην Καρδίτσα, στη Φθιώτιδα.
Μιλώντας με πλημμυροπαθείς και εθελοντές που έχουν μόνο ο ένας τον άλλο, απέναντι στη λάσπη και τον χρόνο.
Κάνω έκκληση στην Πολιτεία για βοήθεια.
Είναι μόνοι τους.
Στον Παλαμά Καρδίτσας, είχα πάει πριν από δύο εβδομάδες.
«Κασσελάκη, ήρθες πάλι;», είπε ένας κάτοικος μόλις με είδε.
Τον ρώτησα: «Έχει έρθει κανείς στο μεταξύ;».
«Κανένας δεν ήρθε…», απάντησε.

Θα είμαι εκεί που «κανένας δεν πάει».
Εκεί που το πρόβλημα δεν κρύβεται κάτω από το χαλί.
Ακόμη και τώρα που γράφω αυτές τις γραμμές, μέσα στο αυτοκίνητο, πηγαίνω από χωριό σε χωριό. Μαζί με τον Σωκράτη Φάμελλο.

«Απροειδοποίητα ήρθατε», μας είπε μία παρέα στο καφενείο πριν από δυο ώρες. Απροειδοποίητα. Απρόβλεπτα. Αδιαμεσολάβητα.

Αυτός θα είναι ο ΣΥΡΙΖΑ από εδώ και πέρα.
Θα αρχίζει από την κοινωνία.
Θα έχουμε το δικό μας μεγάφωνο και θα είστε εσείς.",[],1868,104,0,38,2023-10-05,08:25:52,0.055674518201284794,0.020342612419700215,0.0,874.2
37,tX9YxqAQZFw,"Συνέντευξη στο κεντρικό δελτίο ειδήσεων του ""STAR""",2023-09-28 18:13:05+00:00,"Συνέντευξη του προέδρου του ΣΥΡΙΖΑ - Προοδευτική Συμμαχία, Στέφανου Κασσελάκη, στο κεντρικό δελτίο ειδήσεων του ""STAR"" και τη δημοσιογράφο Μάρα Ζαχαρέα. (28.09.2023)",[],51688,874,0,362,2023-09-28,18:13:05,0.01690914719083733,0.007003559820461229,0.0,23550.500000000004
38,cpMv2HYFRxw,Ο ΣΥΡΙΖΑ θα κερδίζει από εδώ και πέρα,2023-09-26 19:56:55+00:00,"Ο ΣΥΡΙΖΑ θα κερδίζει από εδώ και πέρα.
Τα ευχαριστώ που έχω να πω: Στα μέλη, στα στελέχη, στον Νίκο Παππά, στους εθελοντές, στην κοινωνία, στην οικογένειά μου.
Στους πολέμους ο πρώτος είναι πρώτος και ο δεύτερος τίποτα.
Στους συντρόφους, ο πρώτος είναι πρώτος και ο δεύτερος είναι πρώτος.
Να το θυμάστε αυτό.
Ευχαριστώ για όλα.
Δεν πρόκειται να σας προδώσω ποτέ.",[],3285,96,0,32,2023-09-26,19:56:55,0.029223744292237442,0.009741248097412482,0.0,1508.65
39,QS1udaqs8Z4,"Αν δεν πας σήμερα, δεν αλλάζει το αύριο. Πάμε!",2023-09-24 08:23:27+00:00,,[],44798,802,0,80,2023-09-24,08:23:27,0.01790258493682754,0.001785794008661101,0.0,20375.600000000002
40,zacj3oKXGbk,Μιλάω στους 150.000 που αναστήσατε τον ΣΥΡΙΖΑ,2023-09-23 08:30:34+00:00,"Σήμερα δε μιλάω μόνο σε εσάς που με στηρίξατε. Μιλάω στους 150.000 που αναστήσατε τον ΣΥΡΙΖΑ.
Σας ζητώ τώρα να είμαστε μαζί.
Γιατί ο νέος Πρόεδρος χρειάζεται τη δύναμη όλων. 
Γιατί θα είναι Πρόεδρος όλων.
Όχι για τη μεταπολιτική αλλά για την πολιτική μετά τη Δεξιά του Μητσοτάκη.",[],3801,152,0,25,2023-09-23,08:30:34,0.03998947645356485,0.006577216521967903,0.0,1753.45
41,yCptbwzjaso,"👉 «Αποκάλυψε την ατζέντα του, δεν είναι πατριώτης»",2023-09-22 19:59:17+00:00,,[],7988,408,0,38,2023-09-22,19:59:17,0.05107661492238358,0.004757135703555333,0.0,3704.2
42,H7yrd0ll0_Q,👉 «Να μας πει τι πρεσβεύει στην εξωτερική πολιτική»,2023-09-22 19:58:04+00:00,,[],20207,590,0,77,2023-09-22,19:58:04,0.02919780274162419,0.003810560696788242,0.0,9256.05
43,n8KBCXTDses,👉 «Πώς θα πάει να μας εκπροσωπήσει διεθνώς;»,2023-09-22 19:55:44+00:00,,[],43218,715,0,128,2023-09-22,19:55:44,0.016544032579018,0.002961728909250775,0.0,19652.45
44,1vbKM5FbQng,"👉 «Δεν φταίει που δεν ξέρει καλά ελληνικά, είναι άσχετος»",2023-09-22 19:54:29+00:00,,[],69222,1083,0,159,2023-09-22,19:54:29,0.01564531507324261,0.0022969576146311867,0.0,31452.45
45,dBFo7SzoWIY,Δήλωση μετά τον α’ γύρο των εκλογών για πρόεδρο του ΣΥΡΙΖΑ,2023-09-18 18:04:36+00:00,"Δήλωση μετά τον α’ γύρο των εκλογών για πρόεδρο του ΣΥΡΙΖΑ - ΠΣ.
(17.09.2023)",[],1944,51,0,11,2023-09-18,18:04:36,0.026234567901234566,0.00565843621399177,0.0,889.7500000000001
46,CAVGyDA0ufM,Ομιλία στο Θησείο,2023-09-16 20:15:23+00:00,,[],2924,92,0,6,2023-09-16,20:15:23,0.03146374829001368,0.002051983584131327,0.0,1340.0
47,cntqxCUAtEE,Αυτό αρχίζει την Κυριακή,2023-09-15 15:29:43+00:00,"Αυτό αρχίζει την Κυριακή: ΤΕΛΟΣ

👉Οι επιδοτήσεις στα κανάλια
👉Οι ασυλίες των βουλευτών
👉Το ακαταδίωκτο των τραπεζιτών
👉Οι διορισμοί των πολιτικών στα νοσοκομεία
Θέλουμε μια Ελλάδα όπου δε θα χρειάζεται να υποκύψεις στη λαμογιά για να πας μπροστά.

*Μάθε πού ψηφίζεις: http://bit.ly/3LfCgFz
*Μάθε πώς θα γίνεις εθελοντής: https://bit.ly/461O5XZ",[],754,55,0,5,2023-09-15,15:29:43,0.07294429708222812,0.006631299734748011,0.0,354.05
48,Sh8A0z7Zk3k,Η Σύγχρονη Αριστερά σάς έχει ανάγκη,2023-09-15 06:00:40+00:00,"Δώστε μου μισή ώρα από την Κυριακή σας. 
Γραφτείτε επιτόπου στα εκλογικά τμήματα του ΣΥΡΙΖΑ σε όλη τη χώρα και ψηφίστε.

Η Σύγχρονη Αριστερά σάς έχει ανάγκη.
Η Ελλάδα που θέλουμε σας έχει ανάγκη. 
Η ζωή που ονειρευόμαστε σας έχει ανάγκη.

👉Μάθε πού ψηφίζεις: http://bit.ly/3LfCgFz",[],1277,51,0,7,2023-09-15,06:00:40,0.039937353171495694,0.00548159749412686,0.0,588.8
49,GALqtRgG9UE,Πώς θα γίνει η αλλαγή που όλοι θέλουμε αν δεν ψηφίσετε την Κυριακή; Δείτε πόσο απλό είναι!,2023-09-13 09:37:20+00:00,,[],54296,661,0,111,2023-09-13,09:37:20,0.012174009135111243,0.0020443494916752617,0.0,24620.65
50,AqkDSyA5IVA,Γιατί το συλλογικό είναι πιο μεγάλο από τον καθένα μόνο του,2023-09-12 13:17:18+00:00,"Καμιά φορά ξεχνάμε ποιοι είμαστε, από πού ερχόμαστε και τι θέλουμε να πετύχουμε.
Ως κόμμα, όχι ως υποψήφιοι. 
Γι’ αυτό θα είμαστε όλοι μαζί.
Γιατί το συλλογικό είναι πιο μεγάλο από τον καθένα μόνο του.
Με αλληλεγγύη μεταξύ μας.
Για να φτιάξουμε ένα κράτος αλληλεγγύης για όλους.",[],2737,99,0,17,2023-09-12,13:17:18,0.03617099013518451,0.006211180124223602,0.0,1259.8000000000002
51,sbkc9rlk03w,Η ομιλία μου σε 2 λεπτά και 58 δευτερόλεπτα,2023-09-06 14:39:18+00:00,"👉Μάθε πώς θα γίνεις εθελοντής: https://bit.ly/44QCcCZ

Αν θέλετε ένα κόμμα του 10-15%, δεν είμαι εγώ ο καταλληλότερος.
Ας αφήσουμε τις αυταπάτες. Υπάρχει μόνο ο δρόμος της νίκης. Της αυτοδύναμης νίκης.

*Ομιλία στο Διαρκές Συνέδριο του ΣΥΡΙΖΑ - Προοδευτική Συμμαχία.",[],2620,83,0,15,2023-09-06,14:39:18,0.0316793893129771,0.0057251908396946565,0.0,1202.75
52,GaWHcA_dYa4,Ομιλία στο διαρκές συνέδριο του ΣΥΡΙΖΑ-ΠΣ,2023-09-04 06:13:52+00:00,"Την επόμενη μέρα της εκλογής μου, το επιχείρημα «τι διαμαρτύρεστε; 41%!» τελειώνει. Ως άλλοθι και ως πραγματικότητα.

Στα δύσκολα, μετά την πρώτη οδυνηρή ήττα, στάθηκα δίπλα στον Αλέξη. Αλωνίσαμε κάθε γωνιά της πατρίδας μας.
Είδα από πρώτο χέρι ποιοι του στάθηκαν. 
Και είδα ποιοι αντιδρούσαν στο άνοιγμα στην κοινωνία, θεωρώντας το δεξιά απόκλιση.
Δεξιά απόκλιση θεωρούν οι ίδιοι σήμερα και τη δική μου υποψηφιότητα.
Εμένα τον ίδιο.
Είμαι όμως το ακριβώς αντίθετο.
Γιατί δεξιά απόκλιση είναι ό,τι συμφέρει τη δεξιά του κ. Μητσοτάκη.",[],1826,79,0,0,2023-09-04,06:13:52,0.04326396495071194,0.0,0.0,841.45
53,eYo1R8hXxjE,"Ο Στέφανος Κασσελάκης απαντά σε ό,τι χειρότερο γράφτηκε γι’ αυτόν.",2023-09-01 09:29:59+00:00,"Θέλω να απαντάω σε εσάς. Αδιαμεσολάβητα. 
Διότι τα ΜΜΕ έχουν δική τους ατζέντα, ενώ εμένα η μόνη μου ατζέντα είναι η αλήθεια μου.
Γι’ αυτό και έχω μαζέψει ό,τι χειρότερο, ό,τι πιο αρνητικό, ό,τι πιο καταδικαστικό έχει γραφτεί για μένα τις τελευταίες μέρες. Και απαντάω εδώ, μπροστά σας.
Ξεκινάω λοιπόν 👉",[],10003,264,0,52,2023-09-01,09:29:59,0.026392082375287413,0.005198440467859642,0.0,4577.75
54,64eMcEq7dME,Δεν είμαι επαγγελματίας πολιτικός. Προέρχομαι από την εργασία και την κοινωνική ζωή.,2023-08-30 17:15:35+00:00,"Χθες έδωσα μία συνέντευξη όπου είπα «δεν ξέρω, θα επανέλθω». 
Τραγικό πράγμα για έναν πολιτικό!
Καταρχάς δεν είμαι επαγγελματίας πολιτικός.
Εγώ προέρχομαι από την εργασία και την κοινωνία.
Αλλά όλοι αυτοί που είναι επαγγελματίες πολιτικοί και που ξέρουν τα πάντα, για ποιο λόγο μάς έχουν κάνει μία χώρα όπου έχουμε πανάκριβο ρεύμα, τρένα να συγκρούονται μεταξύ τους, και την πιο μεγάλη φωτιά στην ιστορία της Ε.Ε.;

Ο λαός δικαιούται να έχει ένα άτομο στην ηγεσία που θα του λέει την αλήθεια. Ένα άτομο που όταν δεν ξέρει κάτι, θα ξέρει πού να βρει τη σωστή απάντηση.
Μέσα από τη διαχειριστική του ικανότητα και καλούς συμβούλους, οι οποίοι όμως να έχουν ενσυναίσθηση, καρδιά, θετικό πρόσημο στον τεχνοκρατισμό τους.",[],1918,88,0,12,2023-08-30,17:15:35,0.045881126173096975,0.006256517205422315,0.0,887.5
55,IfBx2LCwljQ,"Η υποψηφιότητά μου δείχνει έναν άλλο δρόμο: Από την κοινωνία, για την κοινωνία.",2023-08-29 06:00:09+00:00,"Έχω επίγνωση ότι δε διαθέτω κομματική προϋπηρεσία. Η προϋπηρεσία μου είναι στην εργασία, στην κοινωνική ζωή. Η υποψηφιότητα που τώρα θέτω δείχνει έναν άλλο δρόμο: Από την κοινωνία και για την κοινωνία.
Αρκετές γενιές χάθηκαν. Είναι ώρα να φτιάξουμε το Ελληνικό Όνειρο που τόσο έχουμε ανάγκη. Με ένα κράτος που διασφαλίζει ισοτιμία στην ευκαιρία. Με έναν πολίτη που το μέλλον του δεν προδιαγράφεται από το πού και πώς γεννήθηκε.",[],17532,233,0,45,2023-08-29,06:00:09,0.013289984029203741,0.002566735112936345,0.0,7956.650000000001
56,_kX6sRfml_c,Έχω τις πρώτες σας δυνατές προτάσεις στα χέρια μου. Συνεχίζουμε!,2023-08-28 12:12:15+00:00,"Όσο οι άλλοι μιλούν για εμάς, εμείς μιλάμε με εσάς.
Έχετε πάρει τη σκυτάλη της σύγχρονης Αριστεράς στα χέρια σας.
Σας ακούμε, καταγράφουμε, φτιάχνουμε μαζί το σχέδιο μιας καλύτερης ζωής.

👉 Δείτε περισσότερα στο link στις πληροφορίες του καναλιού!",[],5372,121,0,23,2023-08-28,12:12:15,0.02252419955323902,0.004281459419210722,0.0,2452.25
57,n9NV90C79uM,Πατριώτης είναι αυτός που θυσιάζει κάτι από τον εαυτό του για την πατρίδα του.,2023-08-26 08:18:47+00:00,"Εδώ, στην άκρη της λίμνης Δοϊράνης, στα σύνορα της χώρας, έχω κάποιες σκέψεις να μοιραστώ μαζί σας: Για το ποιος είναι σήμερα πατριώτης. Για το τι είναι εθνικό.
Και για το πώς η κυβέρνηση του ΣΥΡΙΖΑ πέτυχε αυτή η χώρα, που όλοι οι συμμαθητές μου στην Αμερική την έλεγαν «Macedonia», να αλλάξει όνομα και σύμβολα.",[],2840,80,0,18,2023-08-26,08:18:47,0.028169014084507043,0.006338028169014085,0.0,1301.6
58,i9EFuFQFMbI,Δεν πρόκειται να εκκενώσουμε την Ελλάδα,2023-08-23 18:12:36+00:00,,[],9358,445,0,30,2023-08-23,18:12:36,0.04755289591793118,0.003205813207950417,0.0,4328.35
59,XOtgBVEua_A,Διαβάστε περισσότερα για την πλατφόρμα στο link in bio.,2023-08-21 11:50:52+00:00,,[],94575,1777,0,288,2023-08-21,11:50:52,0.018789320644990747,0.0030452022204599523,0.0,43060.6
60,4754UdpDBZ0,Η χώρα έχει ανάγκη από ριζοσπαστικές προτάσεις. Από την παρέμβασή μου στο naftemporiki tv,2023-08-14 15:53:29+00:00,,[],11028,256,0,24,2023-08-14,15:53:29,0.023213638012332245,0.002176278563656148,0.0,5031.400000000001
61,Hnrhz3PF4g0,Ο Αλέξης Τσίπρας μου προσέφερε τη δυνατότητα να λέω αυτά που σκέφτομαι χωρίς συναλλαγή,2023-08-14 15:52:49+00:00,,[],3923,181,0,2,2023-08-14,15:52:49,0.04613815957175631,0.0005098139179199592,0.0,1811.0000000000002
62,0VWmvSYr_20,Με τον Παύλο Πολάκη έχουμε το ίδιο αίσθημα δικαιοσυνης μέσα μας. Σήμερα στο κανάλι της Ναυτεμπορικής,2023-08-14 15:51:46+00:00,,[],27425,340,0,13,2023-08-14,15:51:46,0.012397447584320875,0.0004740200546946217,0.0,12428.85
63,ZxDtwrpMuZY,"Εσωκομματικά να πάμε πιο Αριστερά. Να αποφασίζουν τα μέλη μας. Σήμερα, στη Ναυτεμπορική",2023-08-14 15:49:37+00:00,,[],1549,50,0,0,2023-08-14,15:49:37,0.03227888960619755,0.0,0.0,709.5500000000001
64,PrLd-fx6xjE,Η Νέα Δημοκρατία κυβερνά 4 χρόνια. Δεν ανέλαβε χθες. Από τη σημερινή μου παρέμβαση στην ΕΡΤ,2023-08-14 15:47:56+00:00,,[],6522,125,0,3,2023-08-14,15:47:56,0.01916590003066544,0.00045998160073597056,0.0,2966.75
65,HN2lUD7kOPM,Οφείλει να υπάρξει παραίτηση του κ. Οικονόμου. Από τη σημερινή μου παρέμβαση στην ΕΡΤ,2023-08-14 15:47:11+00:00,,[],7776,96,0,9,2023-08-14,15:47:11,0.012345679012345678,0.0011574074074074073,0.0,3525.0000000000005
66,57Z_UWL6sso,Σημερινές μου παρεμβάσεις σε τηλεοπτικούς σταθμούς,2023-08-14 15:44:22+00:00,Αποσπάσματα από σημερινές μου παρεμβάσεις στους τηλεοπτικούς σταθμούς ΕΡΤ και Naftemporiki TV,[],2961,80,0,0,2023-08-14,15:44:22,0.02701789935832489,0.0,0.0,1352.45
67,vjRIOFdH_NQ,Στ. Κασσελάκης: Οι εθελοντές στις φωτιές της Ρόδου είναι τα πρόσωπα της χρονιάς,2023-08-02 14:43:27+00:00,,[],6998,102,0,18,2023-08-02,14:43:27,0.014575593026579023,0.002572163475278651,0.0,3178.2
